發病日,居住縣市,居住鄉鎮,確定病例數
2023-06-03,台南市,仁德區,1
2023-06-03,台南市,北區,1
2023-06-04,台南市,仁德區,1
2023-06-06,雲林縣,古坑鄉,1
2023-06-08,台南市,仁德區,1
2023-06-09,台南市,仁德區,2
2023-06-11,台南市,永康區,1
2023-06-12,台南市,東區,1
2023-06-13,台南市,仁德區,3
2023-06-13,台南市,東區,1
2023-06-14,台南市,東區,1
2023-06-15,台南市,仁德區,4
2023-06-15,台南市,善化區,1
2023-06-15,台南市,東區,1
2023-06-16,台南市,仁德區,5
2023-06-16,台南市,東區,2
2023-06-17,台南市,仁德區,4
2023-06-17,台南市,安南區,1
2023-06-17,台南市,東區,1
2023-06-18,台南市,仁德區,5
2023-06-18,台南市,北區,1
2023-06-18,台南市,東區,2
2023-06-18,台南市,永康區,1
2023-06-18,雲林縣,古坑鄉,1
2023-06-19,台南市,仁德區,5
2023-06-19,台南市,東區,1
2023-06-19,台南市,永康區,1
2023-06-20,台南市,仁德區,5
2023-06-20,台南市,善化區,1
2023-06-21,台南市,仁德區,4
2023-06-21,高雄市,茄萣區,1
2023-06-22,台南市,仁德區,10
2023-06-22,台南市,東區,4
2023-06-22,雲林縣,古坑鄉,1
2023-06-23,台南市,仁德區,5
2023-06-23,台南市,南區,2
2023-06-23,台南市,東區,3
2023-06-23,台南市,歸仁區,1
2023-06-23,台南市,永康區,1
2023-06-23,雲林縣,古坑鄉,1
2023-06-24,台南市,仁德區,4
2023-06-24,台南市,東區,1
2023-06-24,雲林縣,古坑鄉,1
2023-06-25,台南市,仁德區,8
2023-06-25,台南市,南區,1
2023-06-25,台南市,安南區,1
2023-06-25,台南市,東區,8
2023-06-25,台南市,永康區,1
2023-06-25,雲林縣,古坑鄉,1
2023-06-26,台南市,仁德區,9
2023-06-26,台南市,安南區,1
2023-06-26,台南市,東區,5
2023-06-26,台南市,永康區,1
2023-06-26,雲林縣,古坑鄉,4
2023-06-26,雲林縣,斗六市,1
2023-06-27,台南市,仁德區,9
2023-06-27,台南市,善化區,1
2023-06-27,台南市,東區,7
2023-06-27,雲林縣,古坑鄉,1
2023-06-28,台南市,北區,1
2023-06-28,台南市,安南區,1
2023-06-28,台南市,東區,6
2023-06-28,雲林縣,古坑鄉,1
2023-06-28,高雄市,仁武區,1
2023-06-29,台中市,沙鹿區,1
2023-06-29,台南市,仁德區,3
2023-06-29,台南市,東區,8
2023-06-29,雲林縣,古坑鄉,2
2023-06-30,台南市,仁德區,10
2023-06-30,台南市,東區,4
2023-06-30,屏東縣,屏東市,1
2023-06-30,雲林縣,古坑鄉,1
2023-06-30,雲林縣,台西鄉,1
2023-06-30,雲林縣,斗六市,1
2023-06-30,高雄市,仁武區,1
2023-06-30,高雄市,湖內區,1
2023-06-30,高雄市,鳳山區,1
2023-07-01,台南市,仁德區,8
2023-07-01,台南市,東區,2
2023-07-01,雲林縣,古坑鄉,1
2023-07-01,雲林縣,斗六市,1
2023-07-01,高雄市,三民區,1
2023-07-02,台南市,仁德區,4
2023-07-02,台南市,安南區,2
2023-07-02,台南市,新營區,1
2023-07-02,台南市,東區,4
2023-07-02,台南市,永康區,1
2023-07-02,雲林縣,古坑鄉,2
2023-07-03,台南市,仁德區,8
2023-07-03,台南市,新化區,1
2023-07-03,台南市,東區,5
2023-07-03,台南市,永康區,3
2023-07-03,雲林縣,古坑鄉,3
2023-07-03,高雄市,左營區,1
2023-07-04,台南市,仁德區,8
2023-07-04,台南市,北區,1
2023-07-04,台南市,東區,4
2023-07-04,台南市,永康區,4
2023-07-04,高雄市,湖內區,1
2023-07-04,高雄市,路竹區,1
2023-07-05,台南市,仁德區,5
2023-07-05,台南市,北區,1
2023-07-05,台南市,安南區,1
2023-07-05,台南市,新化區,1
2023-07-05,台南市,東區,2
2023-07-05,台南市,永康區,4
2023-07-05,高雄市,湖內區,1
2023-07-05,高雄市,路竹區,1
2023-07-06,台南市,仁德區,6
2023-07-06,台南市,南區,1
2023-07-06,台南市,東區,5
2023-07-06,台南市,歸仁區,1
2023-07-06,台南市,永康區,4
2023-07-06,雲林縣,古坑鄉,1
2023-07-06,高雄市,大社區,1
2023-07-07,台中市,大里區,1
2023-07-07,台南市,中西區,1
2023-07-07,台南市,仁德區,5
2023-07-07,台南市,安南區,2
2023-07-07,台南市,東區,3
2023-07-07,台南市,永康區,3
2023-07-07,雲林縣,古坑鄉,1
2023-07-07,高雄市,左營區,1
2023-07-08,台南市,仁德區,8
2023-07-08,台南市,東區,4
2023-07-08,台南市,歸仁區,1
2023-07-08,台南市,永康區,4
2023-07-08,雲林縣,古坑鄉,1
2023-07-08,雲林縣,斗六市,2
2023-07-08,高雄市,三民區,1
2023-07-08,高雄市,阿蓮區,1
2023-07-09,台南市,仁德區,4
2023-07-09,台南市,北區,2
2023-07-09,台南市,東區,6
2023-07-09,台南市,永康區,6
2023-07-09,雲林縣,古坑鄉,4
2023-07-10,台南市,仁德區,3
2023-07-10,台南市,北區,1
2023-07-10,台南市,東區,8
2023-07-10,台南市,歸仁區,1
2023-07-10,台南市,永康區,3
2023-07-10,雲林縣,古坑鄉,3
2023-07-11,台南市,安南區,2
2023-07-11,台南市,東區,4
2023-07-11,雲林縣,古坑鄉,7
2023-07-11,雲林縣,斗六市,1
2023-07-12,台南市,仁德區,2
2023-07-12,台南市,安南區,1
2023-07-12,台南市,東區,1
2023-07-12,台南市,歸仁區,1
2023-07-12,台南市,永康區,2
2023-07-12,雲林縣,古坑鄉,7
2023-07-12,高雄市,鳳山區,1
2023-07-13,台南市,仁德區,3
2023-07-13,台南市,安南區,2
2023-07-13,台南市,東區,2
2023-07-13,台南市,永康區,4
2023-07-13,台南市,關廟區,1
2023-07-13,雲林縣,古坑鄉,4
2023-07-14,台南市,仁德區,3
2023-07-14,台南市,北區,1
2023-07-14,台南市,安南區,1
2023-07-14,台南市,東區,1
2023-07-14,台南市,歸仁區,2
2023-07-14,台南市,永康區,4
2023-07-14,雲林縣,古坑鄉,6
2023-07-14,雲林縣,虎尾鎮,1
2023-07-14,高雄市,阿蓮區,1
2023-07-14,高雄市,鳳山區,1
2023-07-15,台南市,仁德區,3
2023-07-15,台南市,善化區,1
2023-07-15,台南市,安南區,1
2023-07-15,台南市,東區,9
2023-07-15,台南市,永康區,7
2023-07-15,雲林縣,斗六市,1
2023-07-16,台南市,仁德區,3
2023-07-16,台南市,南區,1
2023-07-16,台南市,安南區,2
2023-07-16,台南市,東區,4
2023-07-16,台南市,永康區,6
2023-07-16,雲林縣,古坑鄉,5
2023-07-17,台中市,西區,1
2023-07-17,台南市,仁德區,3
2023-07-17,台南市,北區,1
2023-07-17,台南市,東區,9
2023-07-17,台南市,永康區,10
2023-07-17,雲林縣,古坑鄉,1
2023-07-17,雲林縣,林內鄉,1
2023-07-17,高雄市,苓雅區,1
2023-07-18,台南市,仁德區,5
2023-07-18,台南市,安南區,1
2023-07-18,台南市,東區,3
2023-07-18,台南市,永康區,13
2023-07-18,雲林縣,古坑鄉,3
2023-07-18,雲林縣,斗六市,1
2023-07-18,高雄市,前鎮區,1
2023-07-19,台南市,仁德區,5
2023-07-19,台南市,南區,1
2023-07-19,台南市,安南區,1
2023-07-19,台南市,東區,7
2023-07-19,台南市,永康區,7
2023-07-19,雲林縣,古坑鄉,2
2023-07-20,台南市,仁德區,3
2023-07-20,台南市,安南區,2
2023-07-20,台南市,東區,8
2023-07-20,台南市,歸仁區,1
2023-07-20,台南市,永康區,19
2023-07-20,雲林縣,古坑鄉,6
2023-07-21,台南市,仁德區,4
2023-07-21,台南市,北區,3
2023-07-21,台南市,南區,2
2023-07-21,台南市,安南區,3
2023-07-21,台南市,新化區,1
2023-07-21,台南市,東區,10
2023-07-21,台南市,歸仁區,2
2023-07-21,台南市,永康區,18
2023-07-21,雲林縣,古坑鄉,1
2023-07-21,高雄市,路竹區,1
2023-07-22,台南市,北區,1
2023-07-22,台南市,南區,1
2023-07-22,台南市,安南區,6
2023-07-22,台南市,東區,5
2023-07-22,台南市,永康區,8
2023-07-22,雲林縣,古坑鄉,4
2023-07-22,高雄市,前鎮區,1
2023-07-22,高雄市,梓官區,1
2023-07-23,南投縣,竹山鎮,2
2023-07-23,台南市,仁德區,4
2023-07-23,台南市,北區,1
2023-07-23,台南市,安南區,3
2023-07-23,台南市,東區,2
2023-07-23,台南市,柳營區,1
2023-07-23,台南市,永康區,9
2023-07-23,雲林縣,古坑鄉,1
2023-07-23,高雄市,三民區,1
2023-07-23,高雄市,茄萣區,1
2023-07-24,台南市,仁德區,2
2023-07-24,台南市,北區,5
2023-07-24,台南市,安南區,1
2023-07-24,台南市,東區,9
2023-07-24,台南市,歸仁區,1
2023-07-24,台南市,永康區,12
2023-07-24,台南市,關廟區,1
2023-07-24,雲林縣,古坑鄉,5
2023-07-25,台南市,仁德區,3
2023-07-25,台南市,北區,5
2023-07-25,台南市,南區,1
2023-07-25,台南市,安南區,1
2023-07-25,台南市,東區,2
2023-07-25,台南市,永康區,9
2023-07-25,雲林縣,古坑鄉,4
2023-07-25,雲林縣,斗六市,1
2023-07-25,高雄市,路竹區,1
2023-07-26,台南市,仁德區,1
2023-07-26,台南市,南區,1
2023-07-26,台南市,安南區,1
2023-07-26,台南市,東區,5
2023-07-26,台南市,永康區,11
2023-07-26,屏東縣,萬丹鄉,1
2023-07-26,雲林縣,古坑鄉,6
2023-07-26,高雄市,三民區,1
2023-07-26,高雄市,前金區,1
2023-07-26,高雄市,旗津區,1
2023-07-27,台南市,仁德區,2
2023-07-27,台南市,北區,1
2023-07-27,台南市,左鎮區,1
2023-07-27,台南市,東區,5
2023-07-27,台南市,永康區,10
2023-07-27,雲林縣,古坑鄉,5
2023-07-27,高雄市,小港區,1
2023-07-27,高雄市,左營區,1
2023-07-28,台中市,烏日區,1
2023-07-28,台南市,七股區,1
2023-07-28,台南市,中西區,2
2023-07-28,台南市,仁德區,2
2023-07-28,台南市,南區,1
2023-07-28,台南市,安南區,1
2023-07-28,台南市,東區,5
2023-07-28,台南市,楠西區,1
2023-07-28,台南市,永康區,6
2023-07-28,台南市,關廟區,1
2023-07-28,苗栗縣,頭份市,1
2023-07-28,雲林縣,古坑鄉,5
2023-07-28,高雄市,旗津區,1
2023-07-28,高雄市,苓雅區,1
2023-07-29,台南市,中西區,1
2023-07-29,台南市,仁德區,1
2023-07-29,台南市,北區,2
2023-07-29,台南市,南區,3
2023-07-29,台南市,安南區,3
2023-07-29,台南市,東區,6
2023-07-29,台南市,永康區,12
2023-07-29,屏東縣,萬丹鄉,2
2023-07-29,雲林縣,古坑鄉,3
2023-07-30,台北市,大同區,1
2023-07-30,台南市,東區,6
2023-07-30,台南市,永康區,12
2023-07-30,嘉義縣,竹崎鄉,1
2023-07-30,雲林縣,古坑鄉,2
2023-07-31,台南市,仁德區,7
2023-07-31,台南市,北區,1
2023-07-31,台南市,安南區,3
2023-07-31,台南市,安平區,1
2023-07-31,台南市,東區,10
2023-07-31,台南市,永康區,12
2023-07-31,雲林縣,古坑鄉,4
2023-07-31,雲林縣,斗六市,1
2023-07-31,雲林縣,莿桐鄉,1
2023-07-31,高雄市,鳳山區,1
2023-08-01,台南市,中西區,2
2023-08-01,台南市,仁德區,2
2023-08-01,台南市,北區,2
2023-08-01,台南市,南區,5
2023-08-01,台南市,安南區,3
2023-08-01,台南市,安平區,1
2023-08-01,台南市,東區,11
2023-08-01,台南市,永康區,14
2023-08-01,台南市,關廟區,1
2023-08-01,雲林縣,古坑鄉,1
2023-08-01,雲林縣,斗六市,1
2023-08-02,台南市,中西區,1
2023-08-02,台南市,仁德區,2
2023-08-02,台南市,北區,4
2023-08-02,台南市,南區,3
2023-08-02,台南市,安南區,6
2023-08-02,台南市,東區,8
2023-08-02,台南市,歸仁區,1
2023-08-02,台南市,永康區,11
2023-08-02,台南市,關廟區,1
2023-08-02,嘉義縣,梅山鄉,1
2023-08-02,嘉義縣,竹崎鄉,1
2023-08-02,雲林縣,古坑鄉,2
2023-08-02,雲林縣,斗六市,1
2023-08-02,高雄市,左營區,1
2023-08-03,台中市,西屯區,1
2023-08-03,台南市,仁德區,1
2023-08-03,台南市,北區,1
2023-08-03,台南市,南區,1
2023-08-03,台南市,安南區,8
2023-08-03,台南市,安平區,1
2023-08-03,台南市,東區,11
2023-08-03,台南市,永康區,18
2023-08-03,嘉義縣,梅山鄉,2
2023-08-03,彰化縣,彰化市,1
2023-08-03,雲林縣,古坑鄉,2
2023-08-03,高雄市,小港區,1
2023-08-03,高雄市,鼓山區,1
2023-08-04,台南市,中西區,2
2023-08-04,台南市,仁德區,4
2023-08-04,台南市,北區,5
2023-08-04,台南市,南區,2
2023-08-04,台南市,安南區,3
2023-08-04,台南市,安平區,1
2023-08-04,台南市,東區,8
2023-08-04,台南市,永康區,16
2023-08-04,屏東縣,萬丹鄉,2
2023-08-04,雲林縣,古坑鄉,2
2023-08-04,高雄市,三民區,1
2023-08-04,高雄市,小港區,1
2023-08-05,台南市,中西區,2
2023-08-05,台南市,仁德區,3
2023-08-05,台南市,北區,1
2023-08-05,台南市,南區,1
2023-08-05,台南市,安南區,8
2023-08-05,台南市,安平區,1
2023-08-05,台南市,東區,18
2023-08-05,台南市,永康區,14
2023-08-05,屏東縣,潮州鎮,1
2023-08-05,屏東縣,萬丹鄉,2
2023-08-05,新竹市,東區,1
2023-08-05,桃園市,桃園區,1
2023-08-05,雲林縣,古坑鄉,1
2023-08-05,雲林縣,斗六市,1
2023-08-05,高雄市,小港區,1
2023-08-05,高雄市,路竹區,1
2023-08-06,台南市,中西區,1
2023-08-06,台南市,北區,4
2023-08-06,台南市,南區,5
2023-08-06,台南市,善化區,1
2023-08-06,台南市,安南區,8
2023-08-06,台南市,安平區,2
2023-08-06,台南市,將軍區,1
2023-08-06,台南市,東區,13
2023-08-06,台南市,歸仁區,1
2023-08-06,台南市,永康區,20
2023-08-06,屏東縣,竹田鄉,1
2023-08-06,屏東縣,萬丹鄉,1
2023-08-06,雲林縣,古坑鄉,3
2023-08-06,雲林縣,斗六市,1
2023-08-06,高雄市,小港區,2
2023-08-07,台南市,仁德區,2
2023-08-07,台南市,北區,6
2023-08-07,台南市,南區,1
2023-08-07,台南市,安南區,12
2023-08-07,台南市,安平區,1
2023-08-07,台南市,東區,24
2023-08-07,台南市,歸仁區,1
2023-08-07,台南市,永康區,14
2023-08-07,台南市,西港區,1
2023-08-07,屏東縣,萬丹鄉,2
2023-08-07,新竹市,北區,1
2023-08-07,雲林縣,古坑鄉,4
2023-08-07,雲林縣,斗六市,1
2023-08-07,高雄市,小港區,2
2023-08-07,高雄市,左營區,2
2023-08-07,高雄市,旗津區,1
2023-08-08,台南市,中西區,2
2023-08-08,台南市,仁德區,3
2023-08-08,台南市,北區,1
2023-08-08,台南市,南區,4
2023-08-08,台南市,安南區,13
2023-08-08,台南市,東區,11
2023-08-08,台南市,歸仁區,1
2023-08-08,台南市,永康區,21
2023-08-08,屏東縣,萬丹鄉,3
2023-08-08,雲林縣,古坑鄉,6
2023-08-08,雲林縣,斗六市,1
2023-08-08,高雄市,旗津區,2
2023-08-09,台南市,中西區,1
2023-08-09,台南市,仁德區,2
2023-08-09,台南市,北區,5
2023-08-09,台南市,南區,1
2023-08-09,台南市,安南區,10
2023-08-09,台南市,安平區,1
2023-08-09,台南市,東區,18
2023-08-09,台南市,歸仁區,1
2023-08-09,台南市,永康區,6
2023-08-09,台南市,關廟區,2
2023-08-09,屏東縣,潮州鎮,1
2023-08-09,屏東縣,萬丹鄉,3
2023-08-09,新北市,深坑區,1
2023-08-09,雲林縣,古坑鄉,6
2023-08-09,雲林縣,林內鄉,1
2023-08-09,高雄市,小港區,1
2023-08-09,高雄市,湖內區,1
2023-08-09,高雄市,鳳山區,1
2023-08-10,台南市,中西區,2
2023-08-10,台南市,仁德區,1
2023-08-10,台南市,北區,5
2023-08-10,台南市,南區,4
2023-08-10,台南市,安南區,9
2023-08-10,台南市,東區,11
2023-08-10,台南市,歸仁區,2
2023-08-10,台南市,永康區,12
2023-08-10,屏東縣,萬丹鄉,1
2023-08-10,雲林縣,古坑鄉,6
2023-08-10,雲林縣,斗六市,1
2023-08-10,高雄市,左營區,1
2023-08-11,台北市,文山區,1
2023-08-11,台南市,七股區,1
2023-08-11,台南市,中西區,2
2023-08-11,台南市,仁德區,3
2023-08-11,台南市,佳里區,1
2023-08-11,台南市,北區,3
2023-08-11,台南市,南區,7
2023-08-11,台南市,安南區,11
2023-08-11,台南市,左鎮區,1
2023-08-11,台南市,東區,20
2023-08-11,台南市,歸仁區,1
2023-08-11,台南市,永康區,18
2023-08-11,新北市,深坑區,1
2023-08-11,雲林縣,古坑鄉,2
2023-08-11,高雄市,小港區,1
2023-08-11,高雄市,左營區,1
2023-08-11,高雄市,梓官區,1
2023-08-12,台中市,大雅區,1
2023-08-12,台南市,中西區,1
2023-08-12,台南市,北區,3
2023-08-12,台南市,南區,5
2023-08-12,台南市,安南區,15
2023-08-12,台南市,安平區,1
2023-08-12,台南市,東區,12
2023-08-12,台南市,永康區,18
2023-08-12,台南市,關廟區,1
2023-08-12,新竹市,東區,1
2023-08-12,新竹縣,竹北市,1
2023-08-12,雲林縣,古坑鄉,9
2023-08-12,高雄市,仁武區,1
2023-08-12,高雄市,左營區,2
2023-08-13,台北市,文山區,1
2023-08-13,台南市,仁德區,2
2023-08-13,台南市,北區,6
2023-08-13,台南市,南化區,1
2023-08-13,台南市,南區,4
2023-08-13,台南市,安南區,13
2023-08-13,台南市,東區,17
2023-08-13,台南市,歸仁區,1
2023-08-13,台南市,永康區,10
2023-08-13,桃園市,楊梅區,1
2023-08-13,雲林縣,古坑鄉,8
2023-08-13,雲林縣,斗六市,1
2023-08-13,高雄市,小港區,1
2023-08-13,高雄市,梓官區,1
2023-08-13,高雄市,湖內區,1
2023-08-13,高雄市,苓雅區,1
2023-08-13,高雄市,茄萣區,1
2023-08-14,台南市,中西區,3
2023-08-14,台南市,仁德區,2
2023-08-14,台南市,北區,7
2023-08-14,台南市,南區,8
2023-08-14,台南市,安南區,10
2023-08-14,台南市,安平區,1
2023-08-14,台南市,東區,12
2023-08-14,台南市,歸仁區,3
2023-08-14,台南市,永康區,14
2023-08-14,嘉義縣,大林鎮,1
2023-08-14,新北市,八里區,1
2023-08-14,雲林縣,古坑鄉,6
2023-08-14,雲林縣,斗六市,2
2023-08-14,高雄市,左營區,1
2023-08-15,台中市,大里區,1
2023-08-15,台南市,中西區,2
2023-08-15,台南市,仁德區,5
2023-08-15,台南市,北區,4
2023-08-15,台南市,南區,8
2023-08-15,台南市,安南區,13
2023-08-15,台南市,安平區,4
2023-08-15,台南市,東區,14
2023-08-15,台南市,歸仁區,3
2023-08-15,台南市,永康區,17
2023-08-15,台南市,關廟區,1
2023-08-15,台南市,麻豆區,1
2023-08-15,雲林縣,古坑鄉,5
2023-08-15,雲林縣,斗六市,3
2023-08-15,高雄市,左營區,1
2023-08-15,高雄市,鳳山區,2
2023-08-16,台南市,中西區,2
2023-08-16,台南市,仁德區,4
2023-08-16,台南市,北區,5
2023-08-16,台南市,南區,2
2023-08-16,台南市,善化區,1
2023-08-16,台南市,安南區,14
2023-08-16,台南市,安平區,1
2023-08-16,台南市,左鎮區,1
2023-08-16,台南市,新化區,1
2023-08-16,台南市,東區,14
2023-08-16,台南市,歸仁區,1
2023-08-16,台南市,永康區,17
2023-08-16,嘉義縣,竹崎鄉,1
2023-08-16,雲林縣,古坑鄉,9
2023-08-16,雲林縣,斗六市,2
2023-08-16,雲林縣,斗南鎮,1
2023-08-16,高雄市,左營區,1
2023-08-17,台南市,中西區,2
2023-08-17,台南市,仁德區,3
2023-08-17,台南市,北區,2
2023-08-17,台南市,南區,7
2023-08-17,台南市,安南區,9
2023-08-17,台南市,安平區,3
2023-08-17,台南市,東區,16
2023-08-17,台南市,歸仁區,1
2023-08-17,台南市,永康區,21
2023-08-17,雲林縣,古坑鄉,11
2023-08-17,雲林縣,斗六市,1
2023-08-17,高雄市,大寮區,1
2023-08-17,高雄市,左營區,1
2023-08-17,高雄市,鼓山區,1
2023-08-18,台南市,中西區,3
2023-08-18,台南市,北區,4
2023-08-18,台南市,南區,6
2023-08-18,台南市,安南區,24
2023-08-18,台南市,安平區,2
2023-08-18,台南市,東區,13
2023-08-18,台南市,歸仁區,1
2023-08-18,台南市,永康區,18
2023-08-18,台南市,玉井區,1
2023-08-18,台南市,關廟區,1
2023-08-18,新竹市,北區,1
2023-08-18,新竹縣,竹北市,1
2023-08-18,雲林縣,古坑鄉,10
2023-08-18,雲林縣,斗六市,2
2023-08-18,雲林縣,斗南鎮,1
2023-08-18,高雄市,左營區,3
2023-08-18,高雄市,鳳山區,1
2023-08-19,台北市,北投區,1
2023-08-19,台南市,中西區,4
2023-08-19,台南市,仁德區,2
2023-08-19,台南市,北區,7
2023-08-19,台南市,南區,9
2023-08-19,台南市,安南區,14
2023-08-19,台南市,東區,22
2023-08-19,台南市,歸仁區,1
2023-08-19,台南市,永康區,17
2023-08-19,台南市,關廟區,5
2023-08-19,屏東縣,屏東市,1
2023-08-19,新北市,新店區,1
2023-08-19,雲林縣,古坑鄉,3
2023-08-19,高雄市,小港區,1
2023-08-19,高雄市,岡山區,2
2023-08-19,高雄市,左營區,3
2023-08-20,台南市,中西區,3
2023-08-20,台南市,仁德區,1
2023-08-20,台南市,佳里區,1
2023-08-20,台南市,北區,8
2023-08-20,台南市,南區,14
2023-08-20,台南市,善化區,1
2023-08-20,台南市,安南區,17
2023-08-20,台南市,安平區,1
2023-08-20,台南市,新市區,1
2023-08-20,台南市,東區,20
2023-08-20,台南市,永康區,22
2023-08-20,台南市,關廟區,1
2023-08-20,屏東縣,屏東市,1
2023-08-20,彰化縣,彰化市,1
2023-08-20,新北市,蘆洲區,1
2023-08-20,雲林縣,古坑鄉,3
2023-08-20,高雄市,小港區,2
2023-08-20,高雄市,左營區,1
2023-08-21,台南市,中西區,3
2023-08-21,台南市,仁德區,1
2023-08-21,台南市,北區,15
2023-08-21,台南市,南區,10
2023-08-21,台南市,安南區,38
2023-08-21,台南市,安定區,1
2023-08-21,台南市,安平區,1
2023-08-21,台南市,東區,20
2023-08-21,台南市,歸仁區,1
2023-08-21,台南市,永康區,19
2023-08-21,台南市,西港區,1
2023-08-21,台南市,關廟區,5
2023-08-21,屏東縣,屏東市,1
2023-08-21,雲林縣,古坑鄉,2
2023-08-21,雲林縣,斗六市,2
2023-08-21,高雄市,小港區,2
2023-08-21,高雄市,左營區,1
2023-08-21,高雄市,林園區,1
2023-08-21,高雄市,鳳山區,1
2023-08-21,高雄市,鼓山區,1
2023-08-22,台南市,仁德區,2
2023-08-22,台南市,北區,12
2023-08-22,台南市,南區,12
2023-08-22,台南市,安南區,47
2023-08-22,台南市,新化區,1
2023-08-22,台南市,東區,20
2023-08-22,台南市,歸仁區,3
2023-08-22,台南市,永康區,16
2023-08-22,台南市,關廟區,2
2023-08-22,屏東縣,萬丹鄉,1
2023-08-22,雲林縣,古坑鄉,3
2023-08-22,雲林縣,大埤鄉,1
2023-08-22,雲林縣,斗六市,1
2023-08-22,高雄市,湖內區,1
2023-08-22,高雄市,鼓山區,1
2023-08-23,台南市,中西區,1
2023-08-23,台南市,仁德區,4
2023-08-23,台南市,北區,13
2023-08-23,台南市,南區,13
2023-08-23,台南市,安南區,33
2023-08-23,台南市,安平區,3
2023-08-23,台南市,新化區,1
2023-08-23,台南市,新市區,1
2023-08-23,台南市,東區,29
2023-08-23,台南市,柳營區,1
2023-08-23,台南市,歸仁區,1
2023-08-23,台南市,永康區,22
2023-08-23,新北市,新莊區,1
2023-08-23,雲林縣,古坑鄉,1
2023-08-23,高雄市,仁武區,1
2023-08-23,高雄市,前鎮區,1
2023-08-23,高雄市,大寮區,2
2023-08-23,高雄市,左營區,1
2023-08-23,高雄市,林園區,1
2023-08-23,高雄市,楠梓區,1
2023-08-23,高雄市,茄萣區,1
2023-08-23,高雄市,鼓山區,1
2023-08-24,台中市,大甲區,1
2023-08-24,台南市,中西區,5
2023-08-24,台南市,仁德區,4
2023-08-24,台南市,六甲區,1
2023-08-24,台南市,北區,11
2023-08-24,台南市,南區,19
2023-08-24,台南市,安南區,34
2023-08-24,台南市,安定區,1
2023-08-24,台南市,安平區,3
2023-08-24,台南市,新化區,1
2023-08-24,台南市,東區,26
2023-08-24,台南市,永康區,22
2023-08-24,台南市,關廟區,2
2023-08-24,嘉義縣,梅山鄉,1
2023-08-24,新北市,三重區,1
2023-08-24,苗栗縣,苑裡鎮,1
2023-08-24,雲林縣,古坑鄉,5
2023-08-24,雲林縣,斗六市,4
2023-08-24,雲林縣,斗南鎮,1
2023-08-24,高雄市,三民區,1
2023-08-24,高雄市,大寮區,1
2023-08-24,高雄市,茄萣區,1
2023-08-24,高雄市,鳥松區,1
2023-08-25,台北市,中山區,1
2023-08-25,台南市,中西區,2
2023-08-25,台南市,仁德區,4
2023-08-25,台南市,北區,5
2023-08-25,台南市,南區,17
2023-08-25,台南市,安南區,45
2023-08-25,台南市,安平區,1
2023-08-25,台南市,新市區,1
2023-08-25,台南市,東區,21
2023-08-25,台南市,歸仁區,1
2023-08-25,台南市,永康區,21
2023-08-25,台南市,關廟區,1
2023-08-25,台南市,麻豆區,1
2023-08-25,桃園市,蘆竹區,1
2023-08-25,桃園市,龍潭區,1
2023-08-25,雲林縣,古坑鄉,3
2023-08-25,雲林縣,斗六市,3
2023-08-25,雲林縣,西螺鎮,1
2023-08-25,高雄市,三民區,3
2023-08-25,高雄市,大寮區,4
2023-08-25,高雄市,苓雅區,1
2023-08-26,台北市,中山區,1
2023-08-26,台北市,北投區,1
2023-08-26,台南市,中西區,6
2023-08-26,台南市,仁德區,2
2023-08-26,台南市,北區,12
2023-08-26,台南市,南區,13
2023-08-26,台南市,安南區,37
2023-08-26,台南市,安定區,1
2023-08-26,台南市,安平區,2
2023-08-26,台南市,東區,27
2023-08-26,台南市,歸仁區,4
2023-08-26,台南市,永康區,25
2023-08-26,台南市,關廟區,1
2023-08-26,台南市,鹽水區,1
2023-08-26,嘉義縣,太保市,1
2023-08-26,屏東縣,萬丹鄉,1
2023-08-26,新北市,永和區,1
2023-08-26,新竹市,香山區,1
2023-08-26,桃園市,中壢區,1
2023-08-26,雲林縣,古坑鄉,3
2023-08-26,高雄市,仁武區,1
2023-08-26,高雄市,大寮區,1
2023-08-26,高雄市,小港區,1
2023-08-26,高雄市,苓雅區,1
2023-08-27,台北市,北投區,1
2023-08-27,台南市,中西區,11
2023-08-27,台南市,仁德區,1
2023-08-27,台南市,北區,11
2023-08-27,台南市,南區,20
2023-08-27,台南市,安南區,32
2023-08-27,台南市,官田區,1
2023-08-27,台南市,東區,25
2023-08-27,台南市,歸仁區,1
2023-08-27,台南市,永康區,15
2023-08-27,台南市,關廟區,2
2023-08-27,彰化縣,二林鎮,1
2023-08-27,雲林縣,古坑鄉,4
2023-08-27,高雄市,大寮區,6
2023-08-27,高雄市,楠梓區,1
2023-08-28,台南市,中西區,8
2023-08-28,台南市,仁德區,4
2023-08-28,台南市,北區,14
2023-08-28,台南市,南區,22
2023-08-28,台南市,安南區,40
2023-08-28,台南市,安平區,4
2023-08-28,台南市,東區,40
2023-08-28,台南市,歸仁區,1
2023-08-28,台南市,永康區,18
2023-08-28,台南市,關廟區,3
2023-08-28,嘉義市,東區,1
2023-08-28,屏東縣,屏東市,1
2023-08-28,新北市,新莊區,1
2023-08-28,雲林縣,古坑鄉,7
2023-08-28,雲林縣,斗六市,1
2023-08-28,雲林縣,斗南鎮,1
2023-08-28,高雄市,三民區,1
2023-08-28,高雄市,前鎮區,1
2023-08-28,高雄市,大寮區,4
2023-08-28,高雄市,左營區,1
2023-08-28,高雄市,梓官區,2
2023-08-28,高雄市,楠梓區,1
2023-08-29,台南市,中西區,11
2023-08-29,台南市,仁德區,6
2023-08-29,台南市,佳里區,1
2023-08-29,台南市,北區,12
2023-08-29,台南市,南區,25
2023-08-29,台南市,安南區,26
2023-08-29,台南市,安定區,1
2023-08-29,台南市,安平區,3
2023-08-29,台南市,新市區,1
2023-08-29,台南市,東區,31
2023-08-29,台南市,歸仁區,5
2023-08-29,台南市,永康區,27
2023-08-29,台南市,關廟區,1
2023-08-29,新北市,三重區,1
2023-08-29,桃園市,桃園區,1
2023-08-29,桃園市,蘆竹區,1
2023-08-29,雲林縣,古坑鄉,3
2023-08-29,高雄市,三民區,1
2023-08-29,高雄市,前鎮區,2
2023-08-29,高雄市,大寮區,5
2023-08-29,高雄市,左營區,2
2023-08-29,高雄市,鳳山區,1
2023-08-29,高雄市,鼓山區,1
2023-08-30,台中市,西屯區,1
2023-08-30,台北市,士林區,1
2023-08-30,台南市,中西區,8
2023-08-30,台南市,仁德區,1
2023-08-30,台南市,北區,21
2023-08-30,台南市,南區,23
2023-08-30,台南市,安南區,44
2023-08-30,台南市,安平區,5
2023-08-30,台南市,東區,41
2023-08-30,台南市,歸仁區,1
2023-08-30,台南市,永康區,21
2023-08-30,台南市,關廟區,8
2023-08-30,桃園市,蘆竹區,1
2023-08-30,雲林縣,古坑鄉,3
2023-08-30,高雄市,大寮區,1
2023-08-31,台中市,大甲區,1
2023-08-31,台中市,大里區,1
2023-08-31,台北市,文山區,1
2023-08-31,台南市,中西區,9
2023-08-31,台南市,仁德區,1
2023-08-31,台南市,北區,21
2023-08-31,台南市,南區,25
2023-08-31,台南市,安南區,57
2023-08-31,台南市,安定區,1
2023-08-31,台南市,安平區,2
2023-08-31,台南市,新市區,1
2023-08-31,台南市,東區,37
2023-08-31,台南市,歸仁區,3
2023-08-31,台南市,永康區,26
2023-08-31,台南市,關廟區,6
2023-08-31,新北市,板橋區,1
2023-08-31,桃園市,楊梅區,1
2023-08-31,雲林縣,古坑鄉,1
2023-08-31,高雄市,大樹區,1
2023-08-31,高雄市,小港區,1
2023-08-31,高雄市,左營區,1
2023-08-31,高雄市,湖內區,1
2023-08-31,高雄市,鼓山區,1
2023-09-01,台中市,大甲區,1
2023-09-01,台北市,中山區,1
2023-09-01,台南市,七股區,1
2023-09-01,台南市,中西區,13
2023-09-01,台南市,仁德區,3
2023-09-01,台南市,北區,21
2023-09-01,台南市,南化區,1
2023-09-01,台南市,南區,29
2023-09-01,台南市,學甲區,1
2023-09-01,台南市,安南區,59
2023-09-01,台南市,安平區,8
2023-09-01,台南市,新化區,1
2023-09-01,台南市,東區,61
2023-09-01,台南市,歸仁區,3
2023-09-01,台南市,永康區,40
2023-09-01,台南市,西港區,2
2023-09-01,台南市,關廟區,14
2023-09-01,新北市,永和區,1
2023-09-01,新竹市,北區,1
2023-09-01,新竹市,東區,3
2023-09-01,新竹縣,竹北市,2
2023-09-01,桃園市,八德區,1
2023-09-01,雲林縣,古坑鄉,2
2023-09-01,雲林縣,斗六市,4
2023-09-01,高雄市,大寮區,2
2023-09-01,高雄市,大樹區,1
2023-09-01,高雄市,小港區,1
2023-09-01,高雄市,左營區,2
2023-09-01,高雄市,旗山區,1
2023-09-01,高雄市,楠梓區,1
2023-09-01,高雄市,苓雅區,1
2023-09-01,高雄市,路竹區,1
2023-09-01,高雄市,阿蓮區,1
2023-09-01,高雄市,鳳山區,2
2023-09-02,台中市,南區,1
2023-09-02,台南市,中西區,16
2023-09-02,台南市,仁德區,5
2023-09-02,台南市,北區,27
2023-09-02,台南市,南區,35
2023-09-02,台南市,善化區,3
2023-09-02,台南市,安南區,39
2023-09-02,台南市,安平區,8
2023-09-02,台南市,將軍區,1
2023-09-02,台南市,新化區,1
2023-09-02,台南市,新市區,2
2023-09-02,台南市,東區,54
2023-09-02,台南市,歸仁區,1
2023-09-02,台南市,永康區,44
2023-09-02,台南市,西港區,1
2023-09-02,台南市,關廟區,9
2023-09-02,嘉義縣,竹崎鄉,1
2023-09-02,屏東縣,屏東市,1
2023-09-02,新北市,中和區,1
2023-09-02,桃園市,中壢區,1
2023-09-02,桃園市,大溪區,2
2023-09-02,桃園市,蘆竹區,1
2023-09-02,雲林縣,古坑鄉,5
2023-09-02,雲林縣,斗六市,3
2023-09-02,高雄市,前鎮區,2
2023-09-02,高雄市,大寮區,2
2023-09-02,高雄市,楠梓區,1
2023-09-02,高雄市,湖內區,1
2023-09-02,高雄市,苓雅區,1
2023-09-02,高雄市,鳳山區,3
2023-09-03,台南市,下營區,1
2023-09-03,台南市,中西區,10
2023-09-03,台南市,仁德區,2
2023-09-03,台南市,佳里區,3
2023-09-03,台南市,北區,25
2023-09-03,台南市,南區,35
2023-09-03,台南市,大內區,1
2023-09-03,台南市,安南區,52
2023-09-03,台南市,安定區,1
2023-09-03,台南市,安平區,10
2023-09-03,台南市,新市區,3
2023-09-03,台南市,東區,57
2023-09-03,台南市,永康區,39
2023-09-03,台南市,關廟區,14
2023-09-03,台南市,龍崎區,1
2023-09-03,嘉義縣,大林鎮,1
2023-09-03,屏東縣,屏東市,2
2023-09-03,桃園市,八德區,2
2023-09-03,雲林縣,古坑鄉,7
2023-09-03,雲林縣,斗六市,1
2023-09-03,高雄市,仁武區,1
2023-09-03,高雄市,內門區,1
2023-09-03,高雄市,前鎮區,1
2023-09-03,高雄市,大寮區,1
2023-09-03,高雄市,小港區,1
2023-09-03,高雄市,岡山區,1
2023-09-03,高雄市,左營區,1
2023-09-03,高雄市,楠梓區,1
2023-09-03,高雄市,湖內區,2
2023-09-03,高雄市,苓雅區,1
2023-09-03,高雄市,茄萣區,1
2023-09-03,高雄市,鳳山區,1
2023-09-04,台中市,清水區,1
2023-09-04,台中市,西區,1
2023-09-04,台南市,中西區,15
2023-09-04,台南市,仁德區,7
2023-09-04,台南市,佳里區,1
2023-09-04,台南市,北區,29
2023-09-04,台南市,南區,28
2023-09-04,台南市,善化區,1
2023-09-04,台南市,安南區,64
2023-09-04,台南市,安平區,8
2023-09-04,台南市,新化區,1
2023-09-04,台南市,新市區,1
2023-09-04,台南市,東區,64
2023-09-04,台南市,歸仁區,2
2023-09-04,台南市,永康區,50
2023-09-04,台南市,關廟區,9
2023-09-04,嘉義縣,民雄鄉,1
2023-09-04,嘉義縣,竹崎鄉,1
2023-09-04,新北市,新店區,1
2023-09-04,桃園市,蘆竹區,1
2023-09-04,雲林縣,古坑鄉,4
2023-09-04,高雄市,三民區,1
2023-09-04,高雄市,前鎮區,1
2023-09-04,高雄市,大寮區,1
2023-09-04,高雄市,左營區,1
2023-09-04,高雄市,新興區,1
2023-09-04,高雄市,楠梓區,1
2023-09-04,高雄市,橋頭區,1
2023-09-04,高雄市,鳳山區,2
2023-09-04,高雄市,鼓山區,1
2023-09-05,台南市,中西區,13
2023-09-05,台南市,仁德區,8
2023-09-05,台南市,佳里區,1
2023-09-05,台南市,北區,34
2023-09-05,台南市,南區,33
2023-09-05,台南市,大內區,1
2023-09-05,台南市,安南區,63
2023-09-05,台南市,安平區,3
2023-09-05,台南市,新化區,1
2023-09-05,台南市,新市區,1
2023-09-05,台南市,東區,54
2023-09-05,台南市,永康區,50
2023-09-05,台南市,關廟區,6
2023-09-05,嘉義縣,民雄鄉,1
2023-09-05,屏東縣,九如鄉,1
2023-09-05,雲林縣,古坑鄉,4
2023-09-05,高雄市,仁武區,1
2023-09-05,高雄市,前鎮區,2
2023-09-05,高雄市,桃源區,1
2023-09-05,高雄市,楠梓區,1
2023-09-05,高雄市,鳳山區,3
2023-09-05,高雄市,鹽埕區,2
2023-09-06,台南市,中西區,16
2023-09-06,台南市,仁德區,6
2023-09-06,台南市,佳里區,1
2023-09-06,台南市,北區,30
2023-09-06,台南市,南區,37
2023-09-06,台南市,善化區,1
2023-09-06,台南市,安南區,69
2023-09-06,台南市,安定區,1
2023-09-06,台南市,安平區,5
2023-09-06,台南市,新營區,1
2023-09-06,台南市,東區,62
2023-09-06,台南市,歸仁區,3
2023-09-06,台南市,永康區,50
2023-09-06,台南市,關廟區,5
2023-09-06,新竹縣,竹東鎮,1
2023-09-06,桃園市,蘆竹區,1
2023-09-06,雲林縣,古坑鄉,1
2023-09-06,雲林縣,斗六市,2
2023-09-06,雲林縣,林內鄉,1
2023-09-06,雲林縣,莿桐鄉,1
2023-09-06,高雄市,三民區,1
2023-09-06,高雄市,前鎮區,2
2023-09-06,高雄市,大寮區,1
2023-09-06,高雄市,左營區,3
2023-09-06,高雄市,旗山區,1
2023-09-06,高雄市,湖內區,1
2023-09-07,台北市,南港區,1
2023-09-07,台北市,松山區,1
2023-09-07,台南市,中西區,14
2023-09-07,台南市,仁德區,3
2023-09-07,台南市,佳里區,1
2023-09-07,台南市,北區,33
2023-09-07,台南市,南區,44
2023-09-07,台南市,學甲區,1
2023-09-07,台南市,安南區,63
2023-09-07,台南市,安定區,1
2023-09-07,台南市,安平區,12
2023-09-07,台南市,左鎮區,1
2023-09-07,台南市,新化區,2
2023-09-07,台南市,東區,61
2023-09-07,台南市,歸仁區,7
2023-09-07,台南市,永康區,50
2023-09-07,台南市,關廟區,5
2023-09-07,嘉義市,西區,1
2023-09-07,嘉義縣,太保市,1
2023-09-07,嘉義縣,民雄鄉,1
2023-09-07,屏東縣,屏東市,1
2023-09-07,新北市,汐止區,2
2023-09-07,雲林縣,古坑鄉,3
2023-09-07,雲林縣,斗六市,4
2023-09-07,雲林縣,虎尾鎮,1
2023-09-07,高雄市,三民區,4
2023-09-07,高雄市,前鎮區,2
2023-09-07,高雄市,大寮區,2
2023-09-07,高雄市,小港區,2
2023-09-07,高雄市,岡山區,1
2023-09-07,高雄市,左營區,2
2023-09-07,高雄市,楠梓區,2
2023-09-07,高雄市,湖內區,1
2023-09-08,南投縣,名間鄉,1
2023-09-08,台南市,中西區,21
2023-09-08,台南市,仁德區,6
2023-09-08,台南市,北區,42
2023-09-08,台南市,南區,37
2023-09-08,台南市,安南區,67
2023-09-08,台南市,安平區,9
2023-09-08,台南市,左鎮區,1
2023-09-08,台南市,新化區,3
2023-09-08,台南市,新營區,1
2023-09-08,台南市,東區,64
2023-09-08,台南市,歸仁區,2
2023-09-08,台南市,永康區,50
2023-09-08,台南市,關廟區,3
2023-09-08,嘉義市,東區,2
2023-09-08,嘉義市,西區,1
2023-09-08,嘉義縣,梅山鄉,2
2023-09-08,屏東縣,屏東市,2
2023-09-08,屏東縣,長治鄉,1
2023-09-08,彰化縣,彰化市,1
2023-09-08,新北市,板橋區,1
2023-09-08,雲林縣,古坑鄉,5
2023-09-08,高雄市,三民區,1
2023-09-08,高雄市,前鎮區,1
2023-09-08,高雄市,小港區,1
2023-09-08,高雄市,左營區,3
2023-09-08,高雄市,田寮區,1
2023-09-08,高雄市,苓雅區,1
2023-09-08,高雄市,鹽埕區,2
2023-09-08,高雄市,鼓山區,1
2023-09-09,台中市,大里區,1
2023-09-09,台中市,大雅區,1
2023-09-09,台南市,中西區,23
2023-09-09,台南市,仁德區,11
2023-09-09,台南市,北區,39
2023-09-09,台南市,南區,36
2023-09-09,台南市,善化區,1
2023-09-09,台南市,安南區,55
2023-09-09,台南市,安定區,1
2023-09-09,台南市,安平區,3
2023-09-09,台南市,新市區,1
2023-09-09,台南市,東區,54
2023-09-09,台南市,歸仁區,4
2023-09-09,台南市,永康區,35
2023-09-09,台南市,關廟區,1
2023-09-09,嘉義縣,竹崎鄉,2
2023-09-09,彰化縣,鹿港鎮,1
2023-09-09,雲林縣,古坑鄉,3
2023-09-09,雲林縣,斗六市,3
2023-09-09,雲林縣,虎尾鎮,2
2023-09-09,高雄市,前鎮區,1
2023-09-09,高雄市,大寮區,1
2023-09-09,高雄市,大社區,1
2023-09-09,高雄市,岡山區,2
2023-09-09,高雄市,左營區,3
2023-09-09,高雄市,苓雅區,4
2023-09-09,高雄市,鳳山區,1
2023-09-09,高雄市,鼓山區,1
2023-09-10,台北市,文山區,1
2023-09-10,台南市,中西區,17
2023-09-10,台南市,仁德區,10
2023-09-10,台南市,佳里區,1
2023-09-10,台南市,北區,29
2023-09-10,台南市,南區,48
2023-09-10,台南市,善化區,1
2023-09-10,台南市,安南區,49
2023-09-10,台南市,安定區,1
2023-09-10,台南市,安平區,8
2023-09-10,台南市,官田區,1
2023-09-10,台南市,新化區,1
2023-09-10,台南市,新市區,1
2023-09-10,台南市,東區,55
2023-09-10,台南市,歸仁區,3
2023-09-10,台南市,永康區,37
2023-09-10,台南市,關廟區,2
2023-09-10,嘉義縣,梅山鄉,1
2023-09-10,嘉義縣,民雄鄉,1
2023-09-10,嘉義縣,竹崎鄉,1
2023-09-10,新北市,板橋區,1
2023-09-10,雲林縣,古坑鄉,5
2023-09-10,雲林縣,西螺鎮,1
2023-09-10,高雄市,三民區,1
2023-09-10,高雄市,大寮區,3
2023-09-10,高雄市,小港區,3
2023-09-10,高雄市,左營區,4
2023-09-10,高雄市,苓雅區,1
2023-09-10,高雄市,鹽埕區,1
2023-09-11,台南市,中西區,19
2023-09-11,台南市,仁德區,6
2023-09-11,台南市,佳里區,1
2023-09-11,台南市,北區,31
2023-09-11,台南市,南區,37
2023-09-11,台南市,善化區,3
2023-09-11,台南市,大內區,1
2023-09-11,台南市,安南區,75
2023-09-11,台南市,安平區,9
2023-09-11,台南市,山上區,1
2023-09-11,台南市,左鎮區,1
2023-09-11,台南市,新化區,3
2023-09-11,台南市,東區,72
2023-09-11,台南市,歸仁區,9
2023-09-11,台南市,永康區,37
2023-09-11,台南市,西港區,1
2023-09-11,台南市,關廟區,5
2023-09-11,嘉義縣,大林鎮,2
2023-09-11,嘉義縣,梅山鄉,1
2023-09-11,嘉義縣,竹崎鄉,1
2023-09-11,屏東縣,屏東市,1
2023-09-11,雲林縣,古坑鄉,9
2023-09-11,雲林縣,斗六市,2
2023-09-11,雲林縣,虎尾鎮,1
2023-09-11,雲林縣,西螺鎮,1
2023-09-11,高雄市,小港區,2
2023-09-11,高雄市,左營區,1
2023-09-11,高雄市,苓雅區,2
2023-09-11,高雄市,路竹區,1
2023-09-11,高雄市,鹽埕區,2
2023-09-12,台南市,中西區,17
2023-09-12,台南市,仁德區,6
2023-09-12,台南市,北區,28
2023-09-12,台南市,南區,46
2023-09-12,台南市,善化區,1
2023-09-12,台南市,安南區,62
2023-09-12,台南市,安定區,2
2023-09-12,台南市,安平區,11
2023-09-12,台南市,新化區,1
2023-09-12,台南市,東區,59
2023-09-12,台南市,歸仁區,3
2023-09-12,台南市,永康區,39
2023-09-12,台南市,關廟區,3
2023-09-12,台南市,龍崎區,1
2023-09-12,嘉義縣,大林鎮,1
2023-09-12,嘉義縣,竹崎鄉,1
2023-09-12,雲林縣,古坑鄉,4
2023-09-12,雲林縣,斗六市,3
2023-09-12,高雄市,三民區,1
2023-09-12,高雄市,前鎮區,1
2023-09-12,高雄市,大社區,1
2023-09-12,高雄市,小港區,2
2023-09-12,高雄市,左營區,1
2023-09-12,高雄市,橋頭區,1
2023-09-12,高雄市,茄萣區,3
2023-09-12,高雄市,鳳山區,1
2023-09-13,台中市,南區,1
2023-09-13,台北市,萬華區,1
2023-09-13,台南市,七股區,1
2023-09-13,台南市,中西區,17
2023-09-13,台南市,仁德區,5
2023-09-13,台南市,北區,30
2023-09-13,台南市,南區,35
2023-09-13,台南市,善化區,1
2023-09-13,台南市,安南區,41
2023-09-13,台南市,安定區,2
2023-09-13,台南市,安平區,6
2023-09-13,台南市,新化區,1
2023-09-13,台南市,東區,47
2023-09-13,台南市,歸仁區,7
2023-09-13,台南市,永康區,32
2023-09-13,台南市,關廟區,5
2023-09-13,台南市,麻豆區,1
2023-09-13,屏東縣,屏東市,2
2023-09-13,桃園市,桃園區,1
2023-09-13,雲林縣,古坑鄉,4
2023-09-13,雲林縣,斗六市,1
2023-09-13,雲林縣,斗南鎮,1
2023-09-13,高雄市,大寮區,1
2023-09-13,高雄市,左營區,1
2023-09-13,高雄市,湖內區,1
2023-09-13,高雄市,苓雅區,1
2023-09-13,高雄市,鼓山區,1
2023-09-14,台中市,南區,1
2023-09-14,台南市,下營區,1
2023-09-14,台南市,中西區,15
2023-09-14,台南市,仁德區,5
2023-09-14,台南市,佳里區,1
2023-09-14,台南市,北區,31
2023-09-14,台南市,南區,28
2023-09-14,台南市,善化區,2
2023-09-14,台南市,安南區,47
2023-09-14,台南市,安平區,7
2023-09-14,台南市,新化區,3
2023-09-14,台南市,新市區,1
2023-09-14,台南市,東區,43
2023-09-14,台南市,歸仁區,7
2023-09-14,台南市,永康區,31
2023-09-14,台南市,關廟區,4
2023-09-14,屏東縣,屏東市,1
2023-09-14,桃園市,中壢區,1
2023-09-14,桃園市,大園區,1
2023-09-14,桃園市,楊梅區,1
2023-09-14,雲林縣,古坑鄉,5
2023-09-14,高雄市,三民區,3
2023-09-14,高雄市,仁武區,1
2023-09-14,高雄市,前金區,1
2023-09-14,高雄市,大寮區,1
2023-09-14,高雄市,小港區,1
2023-09-14,高雄市,左營區,1
2023-09-14,高雄市,新興區,1
2023-09-14,高雄市,湖內區,1
2023-09-14,高雄市,苓雅區,3
2023-09-14,高雄市,鹽埕區,1
2023-09-14,高雄市,鼓山區,1
2023-09-15,南投縣,南投市,1
2023-09-15,南投縣,埔里鎮,1
2023-09-15,台中市,大里區,1
2023-09-15,台南市,中西區,18
2023-09-15,台南市,仁德區,3
2023-09-15,台南市,北區,30
2023-09-15,台南市,南區,27
2023-09-15,台南市,善化區,1
2023-09-15,台南市,安南區,51
2023-09-15,台南市,安定區,2
2023-09-15,台南市,安平區,6
2023-09-15,台南市,新化區,2
2023-09-15,台南市,東區,50
2023-09-15,台南市,歸仁區,2
2023-09-15,台南市,永康區,38
2023-09-15,台南市,關廟區,3
2023-09-15,基隆市,中山區,1
2023-09-15,屏東縣,九如鄉,1
2023-09-15,屏東縣,屏東市,3
2023-09-15,新竹市,東區,2
2023-09-15,桃園市,平鎮區,1
2023-09-15,雲林縣,古坑鄉,4
2023-09-15,雲林縣,斗六市,2
2023-09-15,高雄市,三民區,1
2023-09-15,高雄市,旗山區,1
2023-09-15,高雄市,苓雅區,1
2023-09-15,高雄市,路竹區,1
2023-09-15,高雄市,鳳山區,1
2023-09-15,高雄市,鹽埕區,1
2023-09-15,高雄市,鼓山區,3
2023-09-16,台南市,中西區,21
2023-09-16,台南市,仁德區,8
2023-09-16,台南市,北區,33
2023-09-16,台南市,南區,28
2023-09-16,台南市,安南區,45
2023-09-16,台南市,安平區,10
2023-09-16,台南市,新營區,1
2023-09-16,台南市,東區,44
2023-09-16,台南市,歸仁區,4
2023-09-16,台南市,永康區,26
2023-09-16,台南市,關廟區,11
2023-09-16,嘉義縣,水上鄉,1
2023-09-16,屏東縣,佳冬鄉,1
2023-09-16,屏東縣,屏東市,1
2023-09-16,桃園市,八德區,1
2023-09-16,雲林縣,斗六市,1
2023-09-16,雲林縣,林內鄉,1
2023-09-16,高雄市,三民區,1
2023-09-16,高雄市,小港區,1
2023-09-16,高雄市,左營區,1
2023-09-16,高雄市,路竹區,1
2023-09-17,台南市,中西區,16
2023-09-17,台南市,仁德區,3
2023-09-17,台南市,佳里區,3
2023-09-17,台南市,北區,29
2023-09-17,台南市,南區,46
2023-09-17,台南市,安南區,49
2023-09-17,台南市,安平區,11
2023-09-17,台南市,新化區,1
2023-09-17,台南市,新市區,1
2023-09-17,台南市,東區,48
2023-09-17,台南市,歸仁區,3
2023-09-17,台南市,永康區,44
2023-09-17,台南市,關廟區,11
2023-09-17,台南市,鹽水區,1
2023-09-17,嘉義縣,中埔鄉,1
2023-09-17,屏東縣,屏東市,1
2023-09-17,新北市,三重區,1
2023-09-17,新竹縣,新埔鎮,1
2023-09-17,雲林縣,古坑鄉,7
2023-09-17,高雄市,前鎮區,1
2023-09-17,高雄市,大樹區,1
2023-09-17,高雄市,小港區,2
2023-09-17,高雄市,左營區,1
2023-09-17,高雄市,楠梓區,1
2023-09-17,高雄市,燕巢區,1
2023-09-17,高雄市,阿蓮區,1
2023-09-18,台中市,西屯區,1
2023-09-18,台南市,下營區,1
2023-09-18,台南市,中西區,29
2023-09-18,台南市,仁德區,4
2023-09-18,台南市,佳里區,1
2023-09-18,台南市,北區,35
2023-09-18,台南市,南區,43
2023-09-18,台南市,大內區,1
2023-09-18,台南市,安南區,56
2023-09-18,台南市,安平區,14
2023-09-18,台南市,東區,59
2023-09-18,台南市,歸仁區,5
2023-09-18,台南市,永康區,28
2023-09-18,台南市,關廟區,6
2023-09-18,台南市,龍崎區,1
2023-09-18,嘉義市,東區,1
2023-09-18,屏東縣,屏東市,3
2023-09-18,新北市,五股區,1
2023-09-18,新竹市,東區,2
2023-09-18,雲林縣,古坑鄉,4
2023-09-18,雲林縣,林內鄉,1
2023-09-18,高雄市,三民區,5
2023-09-18,高雄市,仁武區,1
2023-09-18,高雄市,前鎮區,1
2023-09-18,高雄市,左營區,2
2023-09-18,高雄市,杉林區,1
2023-09-18,高雄市,燕巢區,1
2023-09-18,高雄市,茄萣區,1
2023-09-18,高雄市,鳥松區,1
2023-09-18,高雄市,鳳山區,2
2023-09-18,高雄市,鹽埕區,2
2023-09-18,高雄市,鼓山區,1
2023-09-19,南投縣,南投市,1
2023-09-19,南投縣,埔里鎮,1
2023-09-19,南投縣,竹山鎮,1
2023-09-19,台北市,文山區,1
2023-09-19,台南市,中西區,21
2023-09-19,台南市,仁德區,6
2023-09-19,台南市,佳里區,2
2023-09-19,台南市,北區,30
2023-09-19,台南市,南區,36
2023-09-19,台南市,安南區,41
2023-09-19,台南市,安平區,6
2023-09-19,台南市,新市區,1
2023-09-19,台南市,新營區,1
2023-09-19,台南市,東區,45
2023-09-19,台南市,歸仁區,5
2023-09-19,台南市,永康區,34
2023-09-19,台南市,關廟區,12
2023-09-19,嘉義縣,布袋鎮,2
2023-09-19,嘉義縣,朴子市,2
2023-09-19,屏東縣,新園鄉,1
2023-09-19,新北市,五股區,1
2023-09-19,雲林縣,古坑鄉,3
2023-09-19,高雄市,前鎮區,1
2023-09-19,高雄市,小港區,1
2023-09-19,高雄市,左營區,2
2023-09-19,高雄市,燕巢區,1
2023-09-19,高雄市,苓雅區,2
2023-09-19,高雄市,阿蓮區,1
2023-09-19,高雄市,鳳山區,1
2023-09-20,南投縣,埔里鎮,1
2023-09-20,台中市,南屯區,1
2023-09-20,台南市,七股區,1
2023-09-20,台南市,中西區,15
2023-09-20,台南市,仁德區,5
2023-09-20,台南市,北區,35
2023-09-20,台南市,南區,34
2023-09-20,台南市,善化區,3
2023-09-20,台南市,安南區,53
2023-09-20,台南市,安定區,2
2023-09-20,台南市,安平區,4
2023-09-20,台南市,新化區,1
2023-09-20,台南市,東區,64
2023-09-20,台南市,歸仁區,5
2023-09-20,台南市,永康區,38
2023-09-20,台南市,西港區,1
2023-09-20,台南市,關廟區,6
2023-09-20,嘉義縣,梅山鄉,1
2023-09-20,屏東縣,來義鄉,1
2023-09-20,屏東縣,屏東市,3
2023-09-20,新北市,五股區,1
2023-09-20,新北市,八里區,1
2023-09-20,新北市,新店區,1
2023-09-20,雲林縣,古坑鄉,1
2023-09-20,雲林縣,斗六市,1
2023-09-20,高雄市,三民區,2
2023-09-20,高雄市,仁武區,1
2023-09-20,高雄市,大社區,1
2023-09-20,高雄市,左營區,2
2023-09-20,高雄市,新興區,2
2023-09-20,高雄市,湖內區,1
2023-09-20,高雄市,茄萣區,1
2023-09-20,高雄市,阿蓮區,3
2023-09-20,高雄市,鳥松區,1
2023-09-20,高雄市,鳳山區,3
2023-09-20,高雄市,鼓山區,1
2023-09-21,台北市,內湖區,1
2023-09-21,台南市,中西區,22
2023-09-21,台南市,仁德區,5
2023-09-21,台南市,佳里區,2
2023-09-21,台南市,六甲區,1
2023-09-21,台南市,北區,39
2023-09-21,台南市,南區,37
2023-09-21,台南市,安南區,45
2023-09-21,台南市,安定區,2
2023-09-21,台南市,安平區,12
2023-09-21,台南市,新化區,1
2023-09-21,台南市,東區,56
2023-09-21,台南市,歸仁區,3
2023-09-21,台南市,永康區,40
2023-09-21,台南市,關廟區,7
2023-09-21,台南市,麻豆區,1
2023-09-21,屏東縣,屏東市,1
2023-09-21,屏東縣,萬丹鄉,1
2023-09-21,新北市,五股區,2
2023-09-21,雲林縣,古坑鄉,5
2023-09-21,高雄市,三民區,1
2023-09-21,高雄市,小港區,2
2023-09-21,高雄市,左營區,3
2023-09-21,高雄市,湖內區,2
2023-09-21,高雄市,茄萣區,1
2023-09-21,高雄市,鳥松區,1
2023-09-21,高雄市,鼓山區,2
2023-09-22,台中市,北區,1
2023-09-22,台南市,中西區,21
2023-09-22,台南市,仁德區,11
2023-09-22,台南市,佳里區,3
2023-09-22,台南市,北區,36
2023-09-22,台南市,南區,42
2023-09-22,台南市,學甲區,1
2023-09-22,台南市,安南區,33
2023-09-22,台南市,安定區,3
2023-09-22,台南市,安平區,12
2023-09-22,台南市,新化區,3
2023-09-22,台南市,新市區,1
2023-09-22,台南市,東區,44
2023-09-22,台南市,歸仁區,3
2023-09-22,台南市,永康區,34
2023-09-22,台南市,關廟區,5
2023-09-22,嘉義市,東區,1
2023-09-22,嘉義縣,竹崎鄉,1
2023-09-22,屏東縣,屏東市,1
2023-09-22,屏東縣,麟洛鄉,1
2023-09-22,雲林縣,古坑鄉,1
2023-09-22,雲林縣,斗六市,1
2023-09-22,雲林縣,麥寮鄉,1
2023-09-22,高雄市,三民區,3
2023-09-22,高雄市,小港區,3
2023-09-22,高雄市,岡山區,1
2023-09-22,高雄市,左營區,2
2023-09-22,高雄市,燕巢區,1
2023-09-22,高雄市,田寮區,1
2023-09-22,高雄市,苓雅區,2
2023-09-22,高雄市,茄萣區,2
2023-09-22,高雄市,路竹區,1
2023-09-22,高雄市,鳳山區,3
2023-09-22,高雄市,鹽埕區,1
2023-09-22,高雄市,鼓山區,1
2023-09-23,台南市,七股區,1
2023-09-23,台南市,中西區,22
2023-09-23,台南市,仁德區,6
2023-09-23,台南市,北區,36
2023-09-23,台南市,南區,45
2023-09-23,台南市,安南區,45
2023-09-23,台南市,安定區,2
2023-09-23,台南市,安平區,8
2023-09-23,台南市,官田區,1
2023-09-23,台南市,新化區,1
2023-09-23,台南市,新市區,1
2023-09-23,台南市,東區,55
2023-09-23,台南市,歸仁區,5
2023-09-23,台南市,永康區,40
2023-09-23,台南市,關廟區,6
2023-09-23,台南市,麻豆區,1
2023-09-23,台南市,龍崎區,1
2023-09-23,嘉義縣,大林鎮,1
2023-09-23,嘉義縣,梅山鄉,1
2023-09-23,嘉義縣,竹崎鄉,1
2023-09-23,屏東縣,屏東市,5
2023-09-23,新北市,林口區,1
2023-09-23,雲林縣,古坑鄉,3
2023-09-23,雲林縣,斗南鎮,1
2023-09-23,高雄市,三民區,4
2023-09-23,高雄市,大寮區,2
2023-09-23,高雄市,岡山區,3
2023-09-23,高雄市,左營區,1
2023-09-23,高雄市,湖內區,1
2023-09-23,高雄市,田寮區,1
2023-09-23,高雄市,茄萣區,1
2023-09-23,高雄市,路竹區,1
2023-09-23,高雄市,阿蓮區,1
2023-09-23,高雄市,鳳山區,3
2023-09-23,高雄市,鹽埕區,3
2023-09-23,高雄市,鼓山區,2
2023-09-24,台南市,中西區,31
2023-09-24,台南市,仁德區,2
2023-09-24,台南市,佳里區,1
2023-09-24,台南市,北區,48
2023-09-24,台南市,南區,67
2023-09-24,台南市,善化區,1
2023-09-24,台南市,安南區,46
2023-09-24,台南市,安定區,1
2023-09-24,台南市,安平區,15
2023-09-24,台南市,左鎮區,1
2023-09-24,台南市,新化區,1
2023-09-24,台南市,新市區,1
2023-09-24,台南市,東區,63
2023-09-24,台南市,歸仁區,10
2023-09-24,台南市,永康區,43
2023-09-24,台南市,西港區,1
2023-09-24,台南市,關廟區,3
2023-09-24,台南市,麻豆區,3
2023-09-24,嘉義縣,大林鎮,1
2023-09-24,嘉義縣,民雄鄉,1
2023-09-24,嘉義縣,番路鄉,1
2023-09-24,屏東縣,屏東市,6
2023-09-24,新北市,淡水區,1
2023-09-24,雲林縣,斗六市,1
2023-09-24,高雄市,三民區,2
2023-09-24,高雄市,前鎮區,2
2023-09-24,高雄市,岡山區,1
2023-09-24,高雄市,左營區,1
2023-09-24,高雄市,楠梓區,1
2023-09-24,高雄市,橋頭區,1
2023-09-24,高雄市,苓雅區,2
2023-09-24,高雄市,阿蓮區,2
2023-09-24,高雄市,鳳山區,3
2023-09-24,高雄市,鼓山區,2
2023-09-25,台北市,萬華區,1
2023-09-25,台南市,七股區,1
2023-09-25,台南市,中西區,25
2023-09-25,台南市,仁德區,7
2023-09-25,台南市,北區,47
2023-09-25,台南市,南區,70
2023-09-25,台南市,善化區,1
2023-09-25,台南市,安南區,49
2023-09-25,台南市,安定區,1
2023-09-25,台南市,安平區,18
2023-09-25,台南市,新化區,3
2023-09-25,台南市,新市區,1
2023-09-25,台南市,東區,56
2023-09-25,台南市,歸仁區,11
2023-09-25,台南市,永康區,53
2023-09-25,台南市,關廟區,4
2023-09-25,嘉義縣,梅山鄉,1
2023-09-25,新北市,五股區,2
2023-09-25,新北市,板橋區,1
2023-09-25,新北市,汐止區,2
2023-09-25,雲林縣,古坑鄉,3
2023-09-25,高雄市,三民區,1
2023-09-25,高雄市,大寮區,1
2023-09-25,高雄市,大社區,1
2023-09-25,高雄市,岡山區,1
2023-09-25,高雄市,左營區,2
2023-09-25,高雄市,楠梓區,1
2023-09-25,高雄市,湖內區,1
2023-09-25,高雄市,茄萣區,1
2023-09-25,高雄市,鳳山區,2
2023-09-25,高雄市,鹽埕區,2
2023-09-25,高雄市,鼓山區,2
2023-09-26,台中市,南區,1
2023-09-26,台南市,七股區,1
2023-09-26,台南市,中西區,34
2023-09-26,台南市,仁德區,10
2023-09-26,台南市,北區,43
2023-09-26,台南市,南區,68
2023-09-26,台南市,安南區,47
2023-09-26,台南市,安定區,1
2023-09-26,台南市,安平區,14
2023-09-26,台南市,新化區,2
2023-09-26,台南市,新營區,1
2023-09-26,台南市,東區,61
2023-09-26,台南市,歸仁區,12
2023-09-26,台南市,永康區,56
2023-09-26,台南市,西港區,1
2023-09-26,台南市,關廟區,6
2023-09-26,嘉義縣,大林鎮,1
2023-09-26,嘉義縣,梅山鄉,2
2023-09-26,屏東縣,屏東市,3
2023-09-26,雲林縣,古坑鄉,3
2023-09-26,雲林縣,斗六市,2
2023-09-26,高雄市,三民區,1
2023-09-26,高雄市,前金區,1
2023-09-26,高雄市,大寮區,1
2023-09-26,高雄市,岡山區,1
2023-09-26,高雄市,左營區,3
2023-09-26,高雄市,楠梓區,3
2023-09-26,高雄市,湖內區,1
2023-09-26,高雄市,田寮區,1
2023-09-26,高雄市,苓雅區,2
2023-09-26,高雄市,茄萣區,2
2023-09-26,高雄市,路竹區,1
2023-09-26,高雄市,阿蓮區,1
2023-09-26,高雄市,鳳山區,2
2023-09-26,高雄市,鹽埕區,1
2023-09-26,高雄市,鼓山區,4
2023-09-27,台南市,中西區,27
2023-09-27,台南市,仁德區,8
2023-09-27,台南市,北區,46
2023-09-27,台南市,南區,70
2023-09-27,台南市,善化區,4
2023-09-27,台南市,安南區,35
2023-09-27,台南市,安平區,13
2023-09-27,台南市,新化區,3
2023-09-27,台南市,東區,54
2023-09-27,台南市,歸仁區,6
2023-09-27,台南市,永康區,48
2023-09-27,台南市,西港區,1
2023-09-27,台南市,關廟區,8
2023-09-27,嘉義縣,大林鎮,1
2023-09-27,嘉義縣,朴子市,1
2023-09-27,嘉義縣,梅山鄉,1
2023-09-27,屏東縣,屏東市,1
2023-09-27,新北市,中和區,1
2023-09-27,新北市,泰山區,1
2023-09-27,雲林縣,古坑鄉,1
2023-09-27,雲林縣,斗六市,3
2023-09-27,高雄市,三民區,4
2023-09-27,高雄市,大寮區,1
2023-09-27,高雄市,岡山區,1
2023-09-27,高雄市,左營區,1
2023-09-27,高雄市,楠梓區,1
2023-09-27,高雄市,茄萣區,1
2023-09-27,高雄市,阿蓮區,1
2023-09-27,高雄市,鳳山區,5
2023-09-27,高雄市,鹽埕區,4
2023-09-27,高雄市,鼓山區,6
2023-09-28,台南市,中西區,27
2023-09-28,台南市,仁德區,10
2023-09-28,台南市,佳里區,1
2023-09-28,台南市,北區,72
2023-09-28,台南市,南區,58
2023-09-28,台南市,善化區,2
2023-09-28,台南市,學甲區,1
2023-09-28,台南市,安南區,45
2023-09-28,台南市,安平區,15
2023-09-28,台南市,將軍區,1
2023-09-28,台南市,新市區,1
2023-09-28,台南市,東區,65
2023-09-28,台南市,歸仁區,7
2023-09-28,台南市,永康區,40
2023-09-28,台南市,西港區,2
2023-09-28,台南市,關廟區,7
2023-09-28,嘉義縣,大林鎮,2
2023-09-28,嘉義縣,梅山鄉,1
2023-09-28,嘉義縣,竹崎鄉,1
2023-09-28,屏東縣,內埔鄉,1
2023-09-28,屏東縣,屏東市,1
2023-09-28,新北市,五股區,1
2023-09-28,新北市,泰山區,1
2023-09-28,雲林縣,古坑鄉,4
2023-09-28,雲林縣,斗六市,2
2023-09-28,高雄市,三民區,2
2023-09-28,高雄市,前鎮區,2
2023-09-28,高雄市,大樹區,1
2023-09-28,高雄市,小港區,3
2023-09-28,高雄市,左營區,1
2023-09-28,高雄市,林園區,1
2023-09-28,高雄市,楠梓區,4
2023-09-28,高雄市,湖內區,1
2023-09-28,高雄市,苓雅區,1
2023-09-28,高雄市,茄萣區,2
2023-09-28,高雄市,路竹區,1
2023-09-28,高雄市,鳳山區,2
2023-09-28,高雄市,鼓山區,2
2023-09-29,台南市,中西區,25
2023-09-29,台南市,仁德區,7
2023-09-29,台南市,佳里區,1
2023-09-29,台南市,北區,34
2023-09-29,台南市,南區,60
2023-09-29,台南市,安南區,38
2023-09-29,台南市,安定區,1
2023-09-29,台南市,安平區,10
2023-09-29,台南市,左鎮區,1
2023-09-29,台南市,新化區,2
2023-09-29,台南市,新營區,1
2023-09-29,台南市,東區,59
2023-09-29,台南市,歸仁區,8
2023-09-29,台南市,永康區,42
2023-09-29,台南市,西港區,2
2023-09-29,台南市,關廟區,7
2023-09-29,台南市,麻豆區,1
2023-09-29,嘉義縣,大林鎮,1
2023-09-29,屏東縣,屏東市,4
2023-09-29,新北市,新店區,1
2023-09-29,新北市,林口區,1
2023-09-29,雲林縣,古坑鄉,5
2023-09-29,高雄市,三民區,2
2023-09-29,高雄市,前鎮區,1
2023-09-29,高雄市,大寮區,2
2023-09-29,高雄市,小港區,3
2023-09-29,高雄市,岡山區,1
2023-09-29,高雄市,楠梓區,2
2023-09-29,高雄市,橋頭區,1
2023-09-29,高雄市,苓雅區,1
2023-09-29,高雄市,茄萣區,1
2023-09-29,高雄市,路竹區,1
2023-09-29,高雄市,阿蓮區,5
2023-09-29,高雄市,鳥松區,2
2023-09-29,高雄市,鳳山區,1
2023-09-29,高雄市,鹽埕區,4
2023-09-29,高雄市,鼓山區,1
2023-09-30,台南市,七股區,1
2023-09-30,台南市,中西區,25
2023-09-30,台南市,仁德區,6
2023-09-30,台南市,佳里區,1
2023-09-30,台南市,北區,46
2023-09-30,台南市,南區,54
2023-09-30,台南市,安南區,34
2023-09-30,台南市,安定區,2
2023-09-30,台南市,安平區,18
2023-09-30,台南市,新化區,3
2023-09-30,台南市,東區,63
2023-09-30,台南市,歸仁區,14
2023-09-30,台南市,永康區,48
2023-09-30,台南市,西港區,1
2023-09-30,台南市,關廟區,8
2023-09-30,嘉義縣,大林鎮,1
2023-09-30,嘉義縣,梅山鄉,1
2023-09-30,屏東縣,屏東市,3
2023-09-30,彰化縣,和美鎮,1
2023-09-30,新北市,泰山區,1
2023-09-30,桃園市,中壢區,1
2023-09-30,桃園市,龜山區,1
2023-09-30,雲林縣,二崙鄉,1
2023-09-30,雲林縣,古坑鄉,4
2023-09-30,雲林縣,斗六市,2
2023-09-30,雲林縣,林內鄉,1
2023-09-30,高雄市,三民區,4
2023-09-30,高雄市,大樹區,1
2023-09-30,高雄市,小港區,3
2023-09-30,高雄市,岡山區,1
2023-09-30,高雄市,左營區,1
2023-09-30,高雄市,旗津區,1
2023-09-30,高雄市,楠梓區,2
2023-09-30,高雄市,橋頭區,1
2023-09-30,高雄市,田寮區,1
2023-09-30,高雄市,苓雅區,3
2023-09-30,高雄市,阿蓮區,2
2023-09-30,高雄市,鳳山區,2
2023-09-30,高雄市,鹽埕區,1
2023-09-30,高雄市,鼓山區,2
2023-10-01,台南市,七股區,1
2023-10-01,台南市,下營區,1
2023-10-01,台南市,中西區,26
2023-10-01,台南市,仁德區,8
2023-10-01,台南市,佳里區,1
2023-10-01,台南市,六甲區,1
2023-10-01,台南市,北區,46
2023-10-01,台南市,南區,56
2023-10-01,台南市,善化區,1
2023-10-01,台南市,安南區,47
2023-10-01,台南市,安定區,1
2023-10-01,台南市,安平區,11
2023-10-01,台南市,新化區,2
2023-10-01,台南市,新營區,2
2023-10-01,台南市,東區,67
2023-10-01,台南市,歸仁區,12
2023-10-01,台南市,永康區,51
2023-10-01,台南市,關廟區,9
2023-10-01,台南市,麻豆區,2
2023-10-01,嘉義縣,大林鎮,2
2023-10-01,嘉義縣,梅山鄉,1
2023-10-01,嘉義縣,民雄鄉,1
2023-10-01,屏東縣,屏東市,4
2023-10-01,新北市,五股區,2
2023-10-01,苗栗縣,公館鄉,1
2023-10-01,雲林縣,古坑鄉,3
2023-10-01,雲林縣,斗六市,2
2023-10-01,高雄市,三民區,4
2023-10-01,高雄市,大寮區,3
2023-10-01,高雄市,小港區,4
2023-10-01,高雄市,左營區,1
2023-10-01,高雄市,新興區,1
2023-10-01,高雄市,甲仙區,1
2023-10-01,高雄市,茄萣區,2
2023-10-01,高雄市,路竹區,1
2023-10-01,高雄市,阿蓮區,1
2023-10-01,高雄市,鳳山區,2
2023-10-01,高雄市,鼓山區,3
2023-10-02,南投縣,仁愛鄉,1
2023-10-02,台中市,南屯區,1
2023-10-02,台北市,北投區,1
2023-10-02,台南市,中西區,22
2023-10-02,台南市,仁德區,12
2023-10-02,台南市,佳里區,7
2023-10-02,台南市,北區,58
2023-10-02,台南市,南區,54
2023-10-02,台南市,善化區,3
2023-10-02,台南市,安南區,42
2023-10-02,台南市,安定區,1
2023-10-02,台南市,安平區,23
2023-10-02,台南市,將軍區,1
2023-10-02,台南市,東區,59
2023-10-02,台南市,歸仁區,11
2023-10-02,台南市,永康區,31
2023-10-02,台南市,關廟區,7
2023-10-02,台南市,麻豆區,1
2023-10-02,台南市,龍崎區,1
2023-10-02,嘉義縣,大林鎮,5
2023-10-02,嘉義縣,梅山鄉,1
2023-10-02,嘉義縣,民雄鄉,1
2023-10-02,嘉義縣,竹崎鄉,1
2023-10-02,屏東縣,屏東市,1
2023-10-02,屏東縣,東港鎮,1
2023-10-02,彰化縣,和美鎮,1
2023-10-02,彰化縣,彰化市,2
2023-10-02,新北市,五股區,1
2023-10-02,雲林縣,古坑鄉,5
2023-10-02,高雄市,三民區,7
2023-10-02,高雄市,仁武區,1
2023-10-02,高雄市,大寮區,4
2023-10-02,高雄市,小港區,2
2023-10-02,高雄市,左營區,2
2023-10-02,高雄市,楠梓區,2
2023-10-02,高雄市,湖內區,2
2023-10-02,高雄市,燕巢區,1
2023-10-02,高雄市,美濃區,1
2023-10-02,高雄市,苓雅區,2
2023-10-02,高雄市,阿蓮區,1
2023-10-02,高雄市,鳳山區,2
2023-10-02,高雄市,鼓山區,1
2023-10-03,台北市,北投區,1
2023-10-03,台南市,下營區,1
2023-10-03,台南市,中西區,24
2023-10-03,台南市,仁德區,8
2023-10-03,台南市,佳里區,4
2023-10-03,台南市,北區,36
2023-10-03,台南市,南區,43
2023-10-03,台南市,善化區,1
2023-10-03,台南市,安南區,43
2023-10-03,台南市,安定區,1
2023-10-03,台南市,安平區,17
2023-10-03,台南市,將軍區,1
2023-10-03,台南市,新化區,2
2023-10-03,台南市,東區,57
2023-10-03,台南市,歸仁區,9
2023-10-03,台南市,永康區,35
2023-10-03,台南市,關廟區,5
2023-10-03,嘉義縣,民雄鄉,1
2023-10-03,嘉義縣,竹崎鄉,1
2023-10-03,屏東縣,屏東市,1
2023-10-03,新北市,三重區,1
2023-10-03,新北市,汐止區,1
2023-10-03,雲林縣,古坑鄉,6
2023-10-03,雲林縣,斗六市,2
2023-10-03,雲林縣,莿桐鄉,1
2023-10-03,高雄市,三民區,4
2023-10-03,高雄市,仁武區,1
2023-10-03,高雄市,前鎮區,2
2023-10-03,高雄市,大寮區,2
2023-10-03,高雄市,小港區,2
2023-10-03,高雄市,苓雅區,4
2023-10-03,高雄市,鳳山區,2
2023-10-03,高雄市,鼓山區,2
2023-10-04,台南市,中西區,35
2023-10-04,台南市,仁德區,8
2023-10-04,台南市,佳里區,2
2023-10-04,台南市,北區,31
2023-10-04,台南市,南區,41
2023-10-04,台南市,善化區,1
2023-10-04,台南市,安南區,30
2023-10-04,台南市,安定區,1
2023-10-04,台南市,安平區,11
2023-10-04,台南市,將軍區,1
2023-10-04,台南市,新化區,3
2023-10-04,台南市,新市區,1
2023-10-04,台南市,東區,58
2023-10-04,台南市,歸仁區,5
2023-10-04,台南市,永康區,42
2023-10-04,台南市,關廟區,5
2023-10-04,嘉義市,東區,1
2023-10-04,嘉義縣,大林鎮,2
2023-10-04,彰化縣,和美鎮,1
2023-10-04,新北市,八里區,1
2023-10-04,雲林縣,古坑鄉,2
2023-10-04,雲林縣,斗六市,1
2023-10-04,雲林縣,斗南鎮,1
2023-10-04,雲林縣,虎尾鎮,1
2023-10-04,雲林縣,西螺鎮,1
2023-10-04,高雄市,三民區,3
2023-10-04,高雄市,大寮區,2
2023-10-04,高雄市,小港區,3
2023-10-04,高雄市,左營區,2
2023-10-04,高雄市,楠梓區,2
2023-10-04,高雄市,湖內區,2
2023-10-04,高雄市,苓雅區,1
2023-10-04,高雄市,路竹區,1
2023-10-04,高雄市,阿蓮區,1
2023-10-04,高雄市,鳳山區,1
2023-10-04,高雄市,鼓山區,1
2023-10-05,台中市,北區,1
2023-10-05,台中市,南區,1
2023-10-05,台中市,南屯區,1
2023-10-05,台中市,大雅區,1
2023-10-05,台北市,北投區,1
2023-10-05,台北市,松山區,1
2023-10-05,台南市,中西區,21
2023-10-05,台南市,仁德區,6
2023-10-05,台南市,佳里區,4
2023-10-05,台南市,北區,29
2023-10-05,台南市,南區,49
2023-10-05,台南市,善化區,2
2023-10-05,台南市,安南區,26
2023-10-05,台南市,安定區,3
2023-10-05,台南市,安平區,19
2023-10-05,台南市,新市區,1
2023-10-05,台南市,東區,60
2023-10-05,台南市,歸仁區,3
2023-10-05,台南市,永康區,28
2023-10-05,台南市,關廟區,6
2023-10-05,台南市,龍崎區,1
2023-10-05,嘉義縣,梅山鄉,1
2023-10-05,宜蘭縣,宜蘭市,2
2023-10-05,屏東縣,屏東市,1
2023-10-05,彰化縣,和美鎮,1
2023-10-05,新北市,三峽區,1
2023-10-05,新北市,永和區,1
2023-10-05,新北市,汐止區,1
2023-10-05,新竹市,東區,1
2023-10-05,雲林縣,古坑鄉,3
2023-10-05,雲林縣,斗六市,1
2023-10-05,高雄市,仁武區,1
2023-10-05,高雄市,前金區,1
2023-10-05,高雄市,前鎮區,1
2023-10-05,高雄市,大寮區,2
2023-10-05,高雄市,大社區,1
2023-10-05,高雄市,小港區,2
2023-10-05,高雄市,新興區,1
2023-10-05,高雄市,楠梓區,1
2023-10-05,高雄市,苓雅區,3
2023-10-05,高雄市,茄萣區,1
2023-10-05,高雄市,路竹區,1
2023-10-05,高雄市,鳳山區,1
2023-10-06,台中市,西屯區,1
2023-10-06,台中市,龍井區,1
2023-10-06,台北市,北投區,1
2023-10-06,台南市,中西區,28
2023-10-06,台南市,仁德區,9
2023-10-06,台南市,佳里區,1
2023-10-06,台南市,北區,39
2023-10-06,台南市,南區,37
2023-10-06,台南市,善化區,1
2023-10-06,台南市,學甲區,1
2023-10-06,台南市,安南區,39
2023-10-06,台南市,安定區,1
2023-10-06,台南市,安平區,11
2023-10-06,台南市,新化區,3
2023-10-06,台南市,新市區,2
2023-10-06,台南市,東區,52
2023-10-06,台南市,歸仁區,3
2023-10-06,台南市,永康區,25
2023-10-06,台南市,關廟區,9
2023-10-06,台南市,麻豆區,1
2023-10-06,嘉義市,東區,1
2023-10-06,基隆市,安樂區,1
2023-10-06,屏東縣,屏東市,2
2023-10-06,新北市,中和區,1
2023-10-06,新北市,五股區,2
2023-10-06,新北市,泰山區,1
2023-10-06,桃園市,八德區,1
2023-10-06,雲林縣,古坑鄉,7
2023-10-06,雲林縣,斗六市,3
2023-10-06,高雄市,三民區,1
2023-10-06,高雄市,仁武區,1
2023-10-06,高雄市,前鎮區,4
2023-10-06,高雄市,大寮區,4
2023-10-06,高雄市,左營區,1
2023-10-06,高雄市,路竹區,3
2023-10-06,高雄市,鳳山區,2
2023-10-06,高雄市,鼓山區,1
2023-10-07,台北市,內湖區,1
2023-10-07,台北市,士林區,1
2023-10-07,台北市,大安區,2
2023-10-07,台北市,萬華區,1
2023-10-07,台南市,中西區,17
2023-10-07,台南市,仁德區,7
2023-10-07,台南市,北區,35
2023-10-07,台南市,南區,32
2023-10-07,台南市,善化區,3
2023-10-07,台南市,安南區,34
2023-10-07,台南市,安平區,11
2023-10-07,台南市,新化區,1
2023-10-07,台南市,東區,50
2023-10-07,台南市,歸仁區,6
2023-10-07,台南市,永康區,30
2023-10-07,台南市,關廟區,3
2023-10-07,台南市,鹽水區,1
2023-10-07,嘉義市,西區,1
2023-10-07,嘉義縣,梅山鄉,1
2023-10-07,嘉義縣,竹崎鄉,1
2023-10-07,屏東縣,屏東市,5
2023-10-07,新北市,板橋區,1
2023-10-07,新北市,林口區,1
2023-10-07,新北市,汐止區,1
2023-10-07,桃園市,桃園區,1
2023-10-07,桃園市,蘆竹區,1
2023-10-07,雲林縣,古坑鄉,4
2023-10-07,高雄市,三民區,2
2023-10-07,高雄市,前鎮區,2
2023-10-07,高雄市,大寮區,1
2023-10-07,高雄市,小港區,3
2023-10-07,高雄市,岡山區,1
2023-10-07,高雄市,左營區,2
2023-10-07,高雄市,楠梓區,2
2023-10-07,高雄市,美濃區,1
2023-10-07,高雄市,苓雅區,1
2023-10-07,高雄市,茄萣區,1
2023-10-07,高雄市,路竹區,1
2023-10-07,高雄市,鳳山區,1
2023-10-07,高雄市,鹽埕區,2
2023-10-08,台北市,文山區,2
2023-10-08,台南市,中西區,20
2023-10-08,台南市,仁德區,10
2023-10-08,台南市,佳里區,2
2023-10-08,台南市,北區,29
2023-10-08,台南市,南區,30
2023-10-08,台南市,善化區,1
2023-10-08,台南市,安南區,27
2023-10-08,台南市,安定區,1
2023-10-08,台南市,安平區,8
2023-10-08,台南市,新化區,2
2023-10-08,台南市,新市區,2
2023-10-08,台南市,東區,56
2023-10-08,台南市,歸仁區,7
2023-10-08,台南市,永康區,25
2023-10-08,台南市,關廟區,10
2023-10-08,嘉義市,東區,1
2023-10-08,嘉義縣,大林鎮,1
2023-10-08,嘉義縣,太保市,1
2023-10-08,嘉義縣,民雄鄉,1
2023-10-08,屏東縣,屏東市,1
2023-10-08,新北市,五股區,1
2023-10-08,新北市,板橋區,1
2023-10-08,新竹市,香山區,1
2023-10-08,桃園市,觀音區,1
2023-10-08,雲林縣,古坑鄉,3
2023-10-08,雲林縣,斗六市,1
2023-10-08,雲林縣,西螺鎮,1
2023-10-08,高雄市,三民區,8
2023-10-08,高雄市,前鎮區,3
2023-10-08,高雄市,小港區,2
2023-10-08,高雄市,岡山區,1
2023-10-08,高雄市,左營區,2
2023-10-08,高雄市,彌陀區,1
2023-10-08,高雄市,湖內區,1
2023-10-08,高雄市,苓雅區,1
2023-10-08,高雄市,鳳山區,2
2023-10-08,高雄市,鼓山區,1
2023-10-09,台中市,西屯區,1
2023-10-09,台南市,中西區,16
2023-10-09,台南市,仁德區,1
2023-10-09,台南市,北區,32
2023-10-09,台南市,南區,35
2023-10-09,台南市,善化區,1
2023-10-09,台南市,安南區,37
2023-10-09,台南市,安平區,8
2023-10-09,台南市,新化區,1
2023-10-09,台南市,東區,36
2023-10-09,台南市,歸仁區,2
2023-10-09,台南市,永康區,28
2023-10-09,台南市,西港區,2
2023-10-09,台南市,關廟區,7
2023-10-09,台南市,麻豆區,1
2023-10-09,台南市,龍崎區,1
2023-10-09,嘉義縣,大林鎮,1
2023-10-09,嘉義縣,梅山鄉,1
2023-10-09,嘉義縣,民雄鄉,1
2023-10-09,屏東縣,恆春鎮,1
2023-10-09,屏東縣,東港鎮,1
2023-10-09,新北市,泰山區,1
2023-10-09,雲林縣,古坑鄉,2
2023-10-09,雲林縣,斗六市,3
2023-10-09,高雄市,三民區,5
2023-10-09,高雄市,內門區,1
2023-10-09,高雄市,前鎮區,2
2023-10-09,高雄市,左營區,2
2023-10-09,高雄市,楠梓區,1
2023-10-09,高雄市,湖內區,1
2023-10-09,高雄市,茄萣區,1
2023-10-09,高雄市,路竹區,1
2023-10-09,高雄市,阿蓮區,1
2023-10-09,高雄市,鳳山區,1
2023-10-09,高雄市,鼓山區,2
2023-10-10,台中市,大雅區,1
2023-10-10,台中市,西屯區,1
2023-10-10,台北市,文山區,1
2023-10-10,台南市,中西區,13
2023-10-10,台南市,仁德區,3
2023-10-10,台南市,北區,33
2023-10-10,台南市,南區,40
2023-10-10,台南市,安南區,23
2023-10-10,台南市,安平區,8
2023-10-10,台南市,新化區,1
2023-10-10,台南市,新市區,1
2023-10-10,台南市,東區,49
2023-10-10,台南市,楠西區,2
2023-10-10,台南市,歸仁區,4
2023-10-10,台南市,永康區,30
2023-10-10,台南市,關廟區,11
2023-10-10,台南市,麻豆區,1
2023-10-10,嘉義市,東區,1
2023-10-10,嘉義縣,梅山鄉,2
2023-10-10,宜蘭縣,頭城鎮,1
2023-10-10,屏東縣,屏東市,1
2023-10-10,雲林縣,古坑鄉,4
2023-10-10,雲林縣,西螺鎮,1
2023-10-10,高雄市,三民區,4
2023-10-10,高雄市,內門區,1
2023-10-10,高雄市,前金區,1
2023-10-10,高雄市,前鎮區,2
2023-10-10,高雄市,大寮區,1
2023-10-10,高雄市,左營區,1
2023-10-10,高雄市,甲仙區,1
2023-10-10,高雄市,茄萣區,1
2023-10-10,高雄市,路竹區,1
2023-10-10,高雄市,阿蓮區,1
2023-10-10,高雄市,鳳山區,1
2023-10-10,高雄市,鹽埕區,1
2023-10-10,高雄市,鼓山區,1
2023-10-11,台南市,中西區,18
2023-10-11,台南市,仁德區,7
2023-10-11,台南市,佳里區,1
2023-10-11,台南市,北區,35
2023-10-11,台南市,南化區,1
2023-10-11,台南市,南區,34
2023-10-11,台南市,善化區,1
2023-10-11,台南市,安南區,31
2023-10-11,台南市,安平區,9
2023-10-11,台南市,後壁區,1
2023-10-11,台南市,新化區,4
2023-10-11,台南市,新市區,2
2023-10-11,台南市,東區,45
2023-10-11,台南市,歸仁區,6
2023-10-11,台南市,永康區,32
2023-10-11,台南市,關廟區,5
2023-10-11,台南市,麻豆區,2
2023-10-11,台南市,龍崎區,1
2023-10-11,嘉義市,東區,1
2023-10-11,嘉義縣,朴子市,1
2023-10-11,嘉義縣,梅山鄉,1
2023-10-11,嘉義縣,民雄鄉,3
2023-10-11,屏東縣,屏東市,3
2023-10-11,屏東縣,東港鎮,1
2023-10-11,新北市,五股區,1
2023-10-11,雲林縣,古坑鄉,4
2023-10-11,雲林縣,斗六市,3
2023-10-11,高雄市,三民區,2
2023-10-11,高雄市,前鎮區,2
2023-10-11,高雄市,小港區,2
2023-10-11,高雄市,左營區,2
2023-10-11,高雄市,湖內區,1
2023-10-11,高雄市,苓雅區,2
2023-10-11,高雄市,茄萣區,1
2023-10-11,高雄市,鳳山區,1
2023-10-12,台南市,下營區,1
2023-10-12,台南市,中西區,27
2023-10-12,台南市,仁德區,8
2023-10-12,台南市,佳里區,2
2023-10-12,台南市,北區,28
2023-10-12,台南市,南區,25
2023-10-12,台南市,安南區,21
2023-10-12,台南市,安平區,8
2023-10-12,台南市,新化區,5
2023-10-12,台南市,新市區,2
2023-10-12,台南市,東區,34
2023-10-12,台南市,柳營區,1
2023-10-12,台南市,歸仁區,5
2023-10-12,台南市,永康區,27
2023-10-12,台南市,西港區,2
2023-10-12,台南市,關廟區,4
2023-10-12,台南市,麻豆區,3
2023-10-12,嘉義縣,大林鎮,1
2023-10-12,嘉義縣,梅山鄉,2
2023-10-12,屏東縣,恆春鎮,1
2023-10-12,屏東縣,東港鎮,2
2023-10-12,新竹縣,竹北市,1
2023-10-12,雲林縣,古坑鄉,1
2023-10-12,雲林縣,斗六市,1
2023-10-12,雲林縣,林內鄉,1
2023-10-12,高雄市,三民區,4
2023-10-12,高雄市,仁武區,1
2023-10-12,高雄市,內門區,1
2023-10-12,高雄市,前金區,2
2023-10-12,高雄市,大寮區,2
2023-10-12,高雄市,左營區,2
2023-10-12,高雄市,楠梓區,1
2023-10-12,高雄市,湖內區,1
2023-10-12,高雄市,鳳山區,2
2023-10-12,高雄市,鼓山區,1
2023-10-13,台中市,北屯區,1
2023-10-13,台北市,大安區,2
2023-10-13,台北市,萬華區,1
2023-10-13,台南市,七股區,1
2023-10-13,台南市,中西區,14
2023-10-13,台南市,仁德區,4
2023-10-13,台南市,佳里區,3
2023-10-13,台南市,北區,23
2023-10-13,台南市,南區,38
2023-10-13,台南市,大內區,1
2023-10-13,台南市,安南區,25
2023-10-13,台南市,安定區,2
2023-10-13,台南市,安平區,9
2023-10-13,台南市,新化區,4
2023-10-13,台南市,新營區,2
2023-10-13,台南市,東區,40
2023-10-13,台南市,歸仁區,6
2023-10-13,台南市,永康區,26
2023-10-13,台南市,關廟區,10
2023-10-13,台南市,鹽水區,1
2023-10-13,台南市,麻豆區,1
2023-10-13,台東縣,綠島鄉,1
2023-10-13,嘉義市,東區,1
2023-10-13,嘉義縣,中埔鄉,1
2023-10-13,嘉義縣,大林鎮,1
2023-10-13,嘉義縣,梅山鄉,1
2023-10-13,屏東縣,內埔鄉,1
2023-10-13,屏東縣,屏東市,3
2023-10-13,屏東縣,東港鎮,2
2023-10-13,新北市,林口區,1
2023-10-13,新竹市,東區,2
2023-10-13,新竹縣,竹北市,1
2023-10-13,雲林縣,古坑鄉,4
2023-10-13,雲林縣,斗六市,2
2023-10-13,高雄市,三民區,4
2023-10-13,高雄市,內門區,1
2023-10-13,高雄市,前鎮區,1
2023-10-13,高雄市,大寮區,1
2023-10-13,高雄市,大社區,1
2023-10-13,高雄市,小港區,3
2023-10-13,高雄市,岡山區,1
2023-10-13,高雄市,新興區,2
2023-10-13,高雄市,楠梓區,2
2023-10-13,高雄市,湖內區,1
2023-10-13,高雄市,苓雅區,2
2023-10-13,高雄市,路竹區,1
2023-10-13,高雄市,阿蓮區,1
2023-10-13,高雄市,鳳山區,4
2023-10-13,高雄市,鹽埕區,1
2023-10-14,台中市,北屯區,1
2023-10-14,台中市,南區,1
2023-10-14,台北市,文山區,1
2023-10-14,台南市,中西區,22
2023-10-14,台南市,仁德區,4
2023-10-14,台南市,佳里區,9
2023-10-14,台南市,北區,40
2023-10-14,台南市,南區,28
2023-10-14,台南市,安南區,15
2023-10-14,台南市,安平區,9
2023-10-14,台南市,左鎮區,1
2023-10-14,台南市,新化區,1
2023-10-14,台南市,新市區,2
2023-10-14,台南市,東區,36
2023-10-14,台南市,歸仁區,4
2023-10-14,台南市,永康區,35
2023-10-14,台南市,西港區,1
2023-10-14,台南市,關廟區,4
2023-10-14,台南市,麻豆區,1
2023-10-14,嘉義市,東區,1
2023-10-14,嘉義縣,大林鎮,1
2023-10-14,屏東縣,屏東市,4
2023-10-14,屏東縣,恆春鎮,3
2023-10-14,屏東縣,長治鄉,1
2023-10-14,新北市,汐止區,1
2023-10-14,桃園市,桃園區,1
2023-10-14,雲林縣,古坑鄉,2
2023-10-14,雲林縣,斗六市,1
2023-10-14,高雄市,三民區,3
2023-10-14,高雄市,仁武區,1
2023-10-14,高雄市,前鎮區,1
2023-10-14,高雄市,大寮區,1
2023-10-14,高雄市,左營區,2
2023-10-14,高雄市,旗山區,1
2023-10-14,高雄市,旗津區,1
2023-10-14,高雄市,楠梓區,1
2023-10-14,高雄市,苓雅區,1
2023-10-14,高雄市,茄萣區,3
2023-10-14,高雄市,路竹區,1
2023-10-14,高雄市,鳳山區,5
2023-10-14,高雄市,鹽埕區,1
2023-10-14,高雄市,鼓山區,1
2023-10-15,台中市,烏日區,1
2023-10-15,台北市,中山區,1
2023-10-15,台北市,士林區,1
2023-10-15,台南市,七股區,1
2023-10-15,台南市,下營區,1
2023-10-15,台南市,中西區,19
2023-10-15,台南市,仁德區,4
2023-10-15,台南市,佳里區,3
2023-10-15,台南市,北區,30
2023-10-15,台南市,南區,27
2023-10-15,台南市,善化區,1
2023-10-15,台南市,安南區,19
2023-10-15,台南市,安平區,9
2023-10-15,台南市,新化區,2
2023-10-15,台南市,新市區,2
2023-10-15,台南市,東區,37
2023-10-15,台南市,楠西區,1
2023-10-15,台南市,歸仁區,10
2023-10-15,台南市,永康區,30
2023-10-15,台南市,關廟區,3
2023-10-15,台南市,麻豆區,2
2023-10-15,嘉義市,東區,1
2023-10-15,嘉義縣,大林鎮,2
2023-10-15,嘉義縣,梅山鄉,2
2023-10-15,嘉義縣,民雄鄉,4
2023-10-15,嘉義縣,番路鄉,1
2023-10-15,新北市,新店區,1
2023-10-15,新北市,新莊區,1
2023-10-15,新北市,板橋區,1
2023-10-15,新北市,泰山區,1
2023-10-15,新竹縣,新豐鄉,2
2023-10-15,新竹縣,竹東鎮,1
2023-10-15,桃園市,平鎮區,1
2023-10-15,桃園市,楊梅區,1
2023-10-15,雲林縣,古坑鄉,6
2023-10-15,雲林縣,斗六市,3
2023-10-15,雲林縣,斗南鎮,1
2023-10-15,高雄市,三民區,3
2023-10-15,高雄市,前金區,2
2023-10-15,高雄市,大寮區,1
2023-10-15,高雄市,小港區,3
2023-10-15,高雄市,新興區,1
2023-10-15,高雄市,楠梓區,1
2023-10-15,高雄市,湖內區,1
2023-10-15,高雄市,苓雅區,3
2023-10-15,高雄市,阿蓮區,1
2023-10-15,高雄市,鳳山區,6
2023-10-15,高雄市,鹽埕區,2
2023-10-15,高雄市,鼓山區,1
2023-10-16,台中市,南屯區,1
2023-10-16,台北市,南港區,1
2023-10-16,台南市,七股區,1
2023-10-16,台南市,中西區,24
2023-10-16,台南市,仁德區,6
2023-10-16,台南市,佳里區,3
2023-10-16,台南市,北區,36
2023-10-16,台南市,南區,35
2023-10-16,台南市,安南區,19
2023-10-16,台南市,安定區,1
2023-10-16,台南市,安平區,9
2023-10-16,台南市,新化區,1
2023-10-16,台南市,新市區,1
2023-10-16,台南市,新營區,2
2023-10-16,台南市,東區,52
2023-10-16,台南市,歸仁區,5
2023-10-16,台南市,永康區,33
2023-10-16,台南市,玉井區,1
2023-10-16,台南市,關廟區,6
2023-10-16,台南市,龍崎區,2
2023-10-16,嘉義市,東區,1
2023-10-16,嘉義縣,大林鎮,1
2023-10-16,嘉義縣,梅山鄉,1
2023-10-16,嘉義縣,民雄鄉,1
2023-10-16,屏東縣,春日鄉,1
2023-10-16,屏東縣,萬巒鄉,1
2023-10-16,彰化縣,埤頭鄉,1
2023-10-16,新北市,八里區,1
2023-10-16,新竹縣,新豐鄉,1
2023-10-16,桃園市,龜山區,1
2023-10-16,雲林縣,古坑鄉,5
2023-10-16,雲林縣,斗六市,1
2023-10-16,高雄市,三民區,3
2023-10-16,高雄市,內門區,2
2023-10-16,高雄市,前金區,3
2023-10-16,高雄市,前鎮區,1
2023-10-16,高雄市,小港區,1
2023-10-16,高雄市,岡山區,1
2023-10-16,高雄市,左營區,2
2023-10-16,高雄市,新興區,1
2023-10-16,高雄市,楠梓區,2
2023-10-16,高雄市,橋頭區,1
2023-10-16,高雄市,湖內區,1
2023-10-16,高雄市,燕巢區,1
2023-10-16,高雄市,田寮區,2
2023-10-16,高雄市,美濃區,1
2023-10-16,高雄市,苓雅區,2
2023-10-16,高雄市,茄萣區,2
2023-10-16,高雄市,阿蓮區,1
2023-10-16,高雄市,鳥松區,1
2023-10-16,高雄市,鳳山區,4
2023-10-16,高雄市,鹽埕區,1
2023-10-16,高雄市,鼓山區,2
2023-10-17,台中市,西屯區,1
2023-10-17,台南市,中西區,25
2023-10-17,台南市,仁德區,9
2023-10-17,台南市,佳里區,4
2023-10-17,台南市,北區,25
2023-10-17,台南市,南區,35
2023-10-17,台南市,善化區,1
2023-10-17,台南市,安南區,19
2023-10-17,台南市,安平區,8
2023-10-17,台南市,左鎮區,1
2023-10-17,台南市,新市區,1
2023-10-17,台南市,東區,32
2023-10-17,台南市,歸仁區,4
2023-10-17,台南市,永康區,28
2023-10-17,台南市,玉井區,1
2023-10-17,台南市,西港區,1
2023-10-17,台南市,關廟區,8
2023-10-17,台南市,龍崎區,1
2023-10-17,嘉義縣,大林鎮,1
2023-10-17,屏東縣,屏東市,3
2023-10-17,屏東縣,潮州鎮,1
2023-10-17,新竹市,北區,1
2023-10-17,雲林縣,古坑鄉,4
2023-10-17,雲林縣,斗六市,2
2023-10-17,雲林縣,斗南鎮,1
2023-10-17,高雄市,三民區,4
2023-10-17,高雄市,內門區,1
2023-10-17,高雄市,前金區,1
2023-10-17,高雄市,前鎮區,2
2023-10-17,高雄市,大寮區,2
2023-10-17,高雄市,小港區,1
2023-10-17,高雄市,左營區,3
2023-10-17,高雄市,新興區,1
2023-10-17,高雄市,楠梓區,2
2023-10-17,高雄市,苓雅區,5
2023-10-17,高雄市,路竹區,1
2023-10-17,高雄市,阿蓮區,2
2023-10-17,高雄市,鳥松區,2
2023-10-17,高雄市,鳳山區,4
2023-10-17,高雄市,鼓山區,2
2023-10-18,台中市,南屯區,1
2023-10-18,台中市,沙鹿區,1
2023-10-18,台南市,七股區,3
2023-10-18,台南市,中西區,14
2023-10-18,台南市,仁德區,4
2023-10-18,台南市,佳里區,1
2023-10-18,台南市,北區,36
2023-10-18,台南市,南區,22
2023-10-18,台南市,安南區,20
2023-10-18,台南市,安平區,8
2023-10-18,台南市,官田區,1
2023-10-18,台南市,新化區,2
2023-10-18,台南市,新營區,1
2023-10-18,台南市,東區,46
2023-10-18,台南市,歸仁區,5
2023-10-18,台南市,永康區,29
2023-10-18,台南市,西港區,1
2023-10-18,台南市,關廟區,3
2023-10-18,台南市,麻豆區,1
2023-10-18,嘉義縣,大林鎮,1
2023-10-18,屏東縣,屏東市,3
2023-10-18,屏東縣,恆春鎮,1
2023-10-18,屏東縣,東港鎮,1
2023-10-18,屏東縣,萬丹鄉,1
2023-10-18,彰化縣,員林市,1
2023-10-18,新北市,板橋區,1
2023-10-18,新北市,淡水區,1
2023-10-18,澎湖縣,馬公市,1
2023-10-18,雲林縣,古坑鄉,2
2023-10-18,雲林縣,西螺鎮,1
2023-10-18,高雄市,三民區,4
2023-10-18,高雄市,仁武區,1
2023-10-18,高雄市,前金區,2
2023-10-18,高雄市,前鎮區,1
2023-10-18,高雄市,小港區,2
2023-10-18,高雄市,左營區,1
2023-10-18,高雄市,新興區,1
2023-10-18,高雄市,旗津區,1
2023-10-18,高雄市,楠梓區,2
2023-10-18,高雄市,湖內區,1
2023-10-18,高雄市,苓雅區,3
2023-10-18,高雄市,路竹區,1
2023-10-18,高雄市,阿蓮區,2
2023-10-18,高雄市,鳳山區,4
2023-10-18,高雄市,鹽埕區,2
2023-10-18,高雄市,鼓山區,2
2023-10-19,台南市,七股區,1
2023-10-19,台南市,中西區,14
2023-10-19,台南市,仁德區,8
2023-10-19,台南市,北區,28
2023-10-19,台南市,南區,44
2023-10-19,台南市,學甲區,1
2023-10-19,台南市,安南區,22
2023-10-19,台南市,安平區,9
2023-10-19,台南市,新化區,2
2023-10-19,台南市,新市區,1
2023-10-19,台南市,東區,46
2023-10-19,台南市,歸仁區,3
2023-10-19,台南市,永康區,29
2023-10-19,台南市,西港區,1
2023-10-19,台南市,關廟區,9
2023-10-19,台南市,麻豆區,1
2023-10-19,嘉義市,西區,1
2023-10-19,嘉義縣,大林鎮,1
2023-10-19,嘉義縣,梅山鄉,2
2023-10-19,嘉義縣,民雄鄉,1
2023-10-19,屏東縣,內埔鄉,1
2023-10-19,屏東縣,屏東市,2
2023-10-19,屏東縣,竹田鄉,1
2023-10-19,雲林縣,古坑鄉,2
2023-10-19,雲林縣,斗六市,1
2023-10-19,高雄市,三民區,6
2023-10-19,高雄市,仁武區,1
2023-10-19,高雄市,前金區,2
2023-10-19,高雄市,大寮區,1
2023-10-19,高雄市,大樹區,1
2023-10-19,高雄市,小港區,7
2023-10-19,高雄市,岡山區,1
2023-10-19,高雄市,左營區,2
2023-10-19,高雄市,新興區,2
2023-10-19,高雄市,楠梓區,2
2023-10-19,高雄市,苓雅區,2
2023-10-19,高雄市,路竹區,1
2023-10-19,高雄市,鳳山區,3
2023-10-19,高雄市,鹽埕區,1
2023-10-19,高雄市,鼓山區,2
2023-10-20,台中市,西區,1
2023-10-20,台北市,北投區,1
2023-10-20,台南市,中西區,19
2023-10-20,台南市,仁德區,11
2023-10-20,台南市,佳里區,2
2023-10-20,台南市,北區,32
2023-10-20,台南市,南化區,1
2023-10-20,台南市,南區,28
2023-10-20,台南市,善化區,2
2023-10-20,台南市,安南區,16
2023-10-20,台南市,安定區,1
2023-10-20,台南市,安平區,10
2023-10-20,台南市,官田區,1
2023-10-20,台南市,新化區,1
2023-10-20,台南市,新市區,2
2023-10-20,台南市,新營區,1
2023-10-20,台南市,東區,44
2023-10-20,台南市,歸仁區,2
2023-10-20,台南市,永康區,19
2023-10-20,台南市,關廟區,8
2023-10-20,嘉義市,東區,1
2023-10-20,嘉義縣,太保市,1
2023-10-20,嘉義縣,新港鄉,1
2023-10-20,嘉義縣,梅山鄉,1
2023-10-20,屏東縣,屏東市,2
2023-10-20,屏東縣,鹽埔鄉,1
2023-10-20,新竹市,東區,1
2023-10-20,雲林縣,古坑鄉,6
2023-10-20,雲林縣,斗六市,2
2023-10-20,高雄市,三民區,6
2023-10-20,高雄市,前金區,1
2023-10-20,高雄市,大寮區,2
2023-10-20,高雄市,小港區,3
2023-10-20,高雄市,左營區,3
2023-10-20,高雄市,新興區,2
2023-10-20,高雄市,湖內區,2
2023-10-20,高雄市,苓雅區,4
2023-10-20,高雄市,路竹區,1
2023-10-20,高雄市,阿蓮區,1
2023-10-20,高雄市,鳥松區,1
2023-10-20,高雄市,鳳山區,3
2023-10-20,高雄市,鹽埕區,1
2023-10-20,高雄市,鼓山區,2
2023-10-21,台中市,中區,1
2023-10-21,台南市,中西區,13
2023-10-21,台南市,仁德區,9
2023-10-21,台南市,佳里區,1
2023-10-21,台南市,北區,15
2023-10-21,台南市,南區,26
2023-10-21,台南市,善化區,1
2023-10-21,台南市,安南區,17
2023-10-21,台南市,安平區,10
2023-10-21,台南市,新化區,1
2023-10-21,台南市,新市區,1
2023-10-21,台南市,東區,35
2023-10-21,台南市,歸仁區,6
2023-10-21,台南市,永康區,21
2023-10-21,台南市,關廟區,3
2023-10-21,嘉義市,東區,1
2023-10-21,嘉義縣,大林鎮,1
2023-10-21,嘉義縣,太保市,1
2023-10-21,嘉義縣,梅山鄉,2
2023-10-21,宜蘭縣,三星鄉,1
2023-10-21,屏東縣,屏東市,5
2023-10-21,屏東縣,麟洛鄉,1
2023-10-21,新北市,新莊區,1
2023-10-21,雲林縣,古坑鄉,4
2023-10-21,雲林縣,西螺鎮,1
2023-10-21,高雄市,三民區,7
2023-10-21,高雄市,前金區,1
2023-10-21,高雄市,前鎮區,3
2023-10-21,高雄市,小港區,1
2023-10-21,高雄市,左營區,1
2023-10-21,高雄市,新興區,1
2023-10-21,高雄市,旗山區,1
2023-10-21,高雄市,楠梓區,1
2023-10-21,高雄市,阿蓮區,2
2023-10-21,高雄市,鳥松區,1
2023-10-21,高雄市,鳳山區,4
2023-10-21,高雄市,鼓山區,1
2023-10-22,台南市,中西區,12
2023-10-22,台南市,仁德區,5
2023-10-22,台南市,北區,27
2023-10-22,台南市,南區,12
2023-10-22,台南市,安南區,27
2023-10-22,台南市,安平區,9
2023-10-22,台南市,新化區,2
2023-10-22,台南市,新市區,3
2023-10-22,台南市,東區,39
2023-10-22,台南市,歸仁區,5
2023-10-22,台南市,永康區,32
2023-10-22,台南市,關廟區,5
2023-10-22,台南市,龍崎區,1
2023-10-22,嘉義縣,民雄鄉,1
2023-10-22,屏東縣,屏東市,2
2023-10-22,屏東縣,林邊鄉,1
2023-10-22,新北市,林口區,1
2023-10-22,新北市,樹林區,1
2023-10-22,桃園市,蘆竹區,1
2023-10-22,雲林縣,古坑鄉,4
2023-10-22,雲林縣,斗六市,1
2023-10-22,高雄市,三民區,5
2023-10-22,高雄市,仁武區,1
2023-10-22,高雄市,前金區,3
2023-10-22,高雄市,前鎮區,1
2023-10-22,高雄市,大寮區,2
2023-10-22,高雄市,小港區,3
2023-10-22,高雄市,左營區,2
2023-10-22,高雄市,苓雅區,1
2023-10-22,高雄市,茄萣區,1
2023-10-22,高雄市,鳥松區,1
2023-10-22,高雄市,鳳山區,1
2023-10-22,高雄市,鼓山區,1
2023-10-23,台中市,潭子區,1
2023-10-23,台北市,北投區,1
2023-10-23,台南市,中西區,10
2023-10-23,台南市,仁德區,8
2023-10-23,台南市,北區,35
2023-10-23,台南市,南區,22
2023-10-23,台南市,安南區,21
2023-10-23,台南市,安定區,1
2023-10-23,台南市,安平區,6
2023-10-23,台南市,官田區,1
2023-10-23,台南市,新化區,2
2023-10-23,台南市,東區,42
2023-10-23,台南市,歸仁區,8
2023-10-23,台南市,永康區,36
2023-10-23,台南市,西港區,1
2023-10-23,台南市,關廟區,3
2023-10-23,嘉義市,西區,1
2023-10-23,嘉義縣,大林鎮,2
2023-10-23,嘉義縣,水上鄉,1
2023-10-23,宜蘭縣,五結鄉,1
2023-10-23,屏東縣,屏東市,8
2023-10-23,新北市,新店區,1
2023-10-23,雲林縣,古坑鄉,4
2023-10-23,雲林縣,斗六市,1
2023-10-23,雲林縣,莿桐鄉,1
2023-10-23,高雄市,三民區,6
2023-10-23,高雄市,前金區,1
2023-10-23,高雄市,前鎮區,1
2023-10-23,高雄市,大寮區,1
2023-10-23,高雄市,小港區,2
2023-10-23,高雄市,左營區,1
2023-10-23,高雄市,新興區,2
2023-10-23,高雄市,楠梓區,1
2023-10-23,高雄市,苓雅區,2
2023-10-23,高雄市,路竹區,1
2023-10-23,高雄市,阿蓮區,2
2023-10-23,高雄市,鳳山區,3
2023-10-24,台中市,北屯區,1
2023-10-24,台南市,中西區,8
2023-10-24,台南市,仁德區,10
2023-10-24,台南市,佳里區,1
2023-10-24,台南市,北區,22
2023-10-24,台南市,南區,10
2023-10-24,台南市,善化區,1
2023-10-24,台南市,安南區,21
2023-10-24,台南市,安定區,1
2023-10-24,台南市,安平區,13
2023-10-24,台南市,山上區,1
2023-10-24,台南市,新化區,2
2023-10-24,台南市,東區,37
2023-10-24,台南市,歸仁區,13
2023-10-24,台南市,永康區,29
2023-10-24,台南市,關廟區,3
2023-10-24,台南市,龍崎區,1
2023-10-24,嘉義市,東區,1
2023-10-24,屏東縣,屏東市,7
2023-10-24,屏東縣,東港鎮,1
2023-10-24,屏東縣,長治鄉,2
2023-10-24,新北市,五股區,1
2023-10-24,雲林縣,古坑鄉,2
2023-10-24,雲林縣,斗六市,3
2023-10-24,高雄市,三民區,4
2023-10-24,高雄市,仁武區,1
2023-10-24,高雄市,前金區,5
2023-10-24,高雄市,前鎮區,2
2023-10-24,高雄市,大寮區,1
2023-10-24,高雄市,小港區,3
2023-10-24,高雄市,左營區,1
2023-10-24,高雄市,湖內區,1
2023-10-24,高雄市,燕巢區,1
2023-10-24,高雄市,苓雅區,2
2023-10-24,高雄市,路竹區,2
2023-10-24,高雄市,鳳山區,1
2023-10-24,高雄市,鼓山區,1
2023-10-25,台中市,沙鹿區,1
2023-10-25,台北市,信義區,1
2023-10-25,台南市,中西區,11
2023-10-25,台南市,仁德區,4
2023-10-25,台南市,佳里區,2
2023-10-25,台南市,北區,25
2023-10-25,台南市,南區,20
2023-10-25,台南市,善化區,1
2023-10-25,台南市,安南區,12
2023-10-25,台南市,安定區,1
2023-10-25,台南市,安平區,4
2023-10-25,台南市,新化區,3
2023-10-25,台南市,新市區,2
2023-10-25,台南市,新營區,1
2023-10-25,台南市,東區,36
2023-10-25,台南市,歸仁區,4
2023-10-25,台南市,永康區,29
2023-10-25,台南市,西港區,1
2023-10-25,台南市,關廟區,3
2023-10-25,台南市,龍崎區,1
2023-10-25,嘉義縣,梅山鄉,1
2023-10-25,屏東縣,屏東市,2
2023-10-25,雲林縣,古坑鄉,3
2023-10-25,雲林縣,斗六市,2
2023-10-25,高雄市,三民區,7
2023-10-25,高雄市,仁武區,1
2023-10-25,高雄市,前金區,2
2023-10-25,高雄市,大寮區,1
2023-10-25,高雄市,小港區,3
2023-10-25,高雄市,岡山區,1
2023-10-25,高雄市,左營區,1
2023-10-25,高雄市,新興區,1
2023-10-25,高雄市,湖內區,1
2023-10-25,高雄市,苓雅區,2
2023-10-25,高雄市,鳳山區,1
2023-10-25,高雄市,鹽埕區,2
2023-10-26,台北市,內湖區,1
2023-10-26,台南市,中西區,15
2023-10-26,台南市,仁德區,8
2023-10-26,台南市,北區,32
2023-10-26,台南市,南區,18
2023-10-26,台南市,善化區,3
2023-10-26,台南市,安南區,23
2023-10-26,台南市,安平區,1
2023-10-26,台南市,新化區,1
2023-10-26,台南市,新市區,1
2023-10-26,台南市,新營區,1
2023-10-26,台南市,東區,34
2023-10-26,台南市,歸仁區,5
2023-10-26,台南市,永康區,25
2023-10-26,台南市,西港區,1
2023-10-26,台南市,關廟區,12
2023-10-26,台南市,麻豆區,2
2023-10-26,台南市,龍崎區,1
2023-10-26,屏東縣,屏東市,5
2023-10-26,屏東縣,新埤鄉,1
2023-10-26,屏東縣,長治鄉,1
2023-10-26,新北市,新莊區,1
2023-10-26,新北市,淡水區,1
2023-10-26,雲林縣,斗六市,6
2023-10-26,高雄市,三民區,5
2023-10-26,高雄市,前金區,1
2023-10-26,高雄市,前鎮區,4
2023-10-26,高雄市,小港區,1
2023-10-26,高雄市,岡山區,1
2023-10-26,高雄市,左營區,3
2023-10-26,高雄市,楠梓區,2
2023-10-26,高雄市,湖內區,1
2023-10-26,高雄市,苓雅區,3
2023-10-26,高雄市,鳥松區,4
2023-10-26,高雄市,鳳山區,5
2023-10-26,高雄市,鹽埕區,2
2023-10-27,南投縣,集集鎮,1
2023-10-27,台中市,霧峰區,1
2023-10-27,台南市,中西區,19
2023-10-27,台南市,仁德區,3
2023-10-27,台南市,佳里區,2
2023-10-27,台南市,北區,31
2023-10-27,台南市,南區,10
2023-10-27,台南市,善化區,1
2023-10-27,台南市,安南區,18
2023-10-27,台南市,安定區,2
2023-10-27,台南市,安平區,6
2023-10-27,台南市,新化區,2
2023-10-27,台南市,東區,33
2023-10-27,台南市,歸仁區,4
2023-10-27,台南市,永康區,25
2023-10-27,台南市,西港區,1
2023-10-27,台南市,關廟區,3
2023-10-27,台南市,麻豆區,2
2023-10-27,嘉義縣,大林鎮,1
2023-10-27,屏東縣,屏東市,3
2023-10-27,新北市,八里區,1
2023-10-27,雲林縣,古坑鄉,3
2023-10-27,雲林縣,斗六市,3
2023-10-27,雲林縣,林內鄉,1
2023-10-27,高雄市,三民區,5
2023-10-27,高雄市,仁武區,1
2023-10-27,高雄市,前金區,1
2023-10-27,高雄市,大寮區,2
2023-10-27,高雄市,左營區,2
2023-10-27,高雄市,楠梓區,1
2023-10-27,高雄市,田寮區,1
2023-10-27,高雄市,苓雅區,5
2023-10-27,高雄市,阿蓮區,1
2023-10-27,高雄市,鳳山區,5
2023-10-27,高雄市,鹽埕區,1
2023-10-27,高雄市,鼓山區,1
2023-10-28,台南市,中西區,14
2023-10-28,台南市,仁德區,2
2023-10-28,台南市,佳里區,1
2023-10-28,台南市,北區,22
2023-10-28,台南市,南區,23
2023-10-28,台南市,善化區,1
2023-10-28,台南市,安南區,20
2023-10-28,台南市,安定區,1
2023-10-28,台南市,安平區,4
2023-10-28,台南市,新化區,1
2023-10-28,台南市,新市區,2
2023-10-28,台南市,東區,28
2023-10-28,台南市,東山區,1
2023-10-28,台南市,歸仁區,3
2023-10-28,台南市,永康區,30
2023-10-28,台南市,關廟區,4
2023-10-28,台南市,麻豆區,1
2023-10-28,台南市,龍崎區,1
2023-10-28,嘉義市,東區,1
2023-10-28,嘉義縣,大林鎮,1
2023-10-28,屏東縣,九如鄉,1
2023-10-28,屏東縣,屏東市,6
2023-10-28,雲林縣,古坑鄉,3
2023-10-28,雲林縣,斗六市,1
2023-10-28,高雄市,三民區,6
2023-10-28,高雄市,前鎮區,1
2023-10-28,高雄市,大寮區,2
2023-10-28,高雄市,新興區,1
2023-10-28,高雄市,旗津區,1
2023-10-28,高雄市,橋頭區,1
2023-10-28,高雄市,苓雅區,2
2023-10-28,高雄市,鳳山區,1
2023-10-28,高雄市,鹽埕區,1
2023-10-28,高雄市,鼓山區,2
2023-10-29,台北市,士林區,1
2023-10-29,台南市,七股區,1
2023-10-29,台南市,中西區,10
2023-10-29,台南市,仁德區,8
2023-10-29,台南市,佳里區,3
2023-10-29,台南市,北區,27
2023-10-29,台南市,南區,18
2023-10-29,台南市,善化區,1
2023-10-29,台南市,學甲區,1
2023-10-29,台南市,安南區,16
2023-10-29,台南市,安定區,1
2023-10-29,台南市,安平區,5
2023-10-29,台南市,山上區,1
2023-10-29,台南市,新化區,3
2023-10-29,台南市,東區,38
2023-10-29,台南市,柳營區,1
2023-10-29,台南市,歸仁區,7
2023-10-29,台南市,永康區,39
2023-10-29,台南市,西港區,1
2023-10-29,台南市,關廟區,5
2023-10-29,台南市,麻豆區,2
2023-10-29,台南市,龍崎區,1
2023-10-29,嘉義縣,大林鎮,2
2023-10-29,嘉義縣,梅山鄉,3
2023-10-29,嘉義縣,民雄鄉,1
2023-10-29,屏東縣,內埔鄉,1
2023-10-29,屏東縣,屏東市,2
2023-10-29,屏東縣,恆春鎮,1
2023-10-29,屏東縣,東港鎮,1
2023-10-29,屏東縣,長治鄉,1
2023-10-29,新竹縣,竹東鎮,1
2023-10-29,雲林縣,古坑鄉,2
2023-10-29,雲林縣,斗六市,1
2023-10-29,雲林縣,斗南鎮,1
2023-10-29,高雄市,三民區,8
2023-10-29,高雄市,前金區,1
2023-10-29,高雄市,前鎮區,1
2023-10-29,高雄市,大寮區,2
2023-10-29,高雄市,小港區,1
2023-10-29,高雄市,新興區,1
2023-10-29,高雄市,楠梓區,1
2023-10-29,高雄市,湖內區,1
2023-10-29,高雄市,苓雅區,4
2023-10-29,高雄市,鳳山區,3
2023-10-29,高雄市,鹽埕區,2
2023-10-30,台中市,北屯區,1
2023-10-30,台南市,中西區,16
2023-10-30,台南市,仁德區,5
2023-10-30,台南市,佳里區,4
2023-10-30,台南市,北區,29
2023-10-30,台南市,南區,27
2023-10-30,台南市,善化區,3
2023-10-30,台南市,學甲區,1
2023-10-30,台南市,安南區,22
2023-10-30,台南市,安定區,1
2023-10-30,台南市,安平區,6
2023-10-30,台南市,新化區,3
2023-10-30,台南市,新市區,1
2023-10-30,台南市,東區,44
2023-10-30,台南市,歸仁區,4
2023-10-30,台南市,永康區,31
2023-10-30,台南市,西港區,1
2023-10-30,台南市,關廟區,5
2023-10-30,台南市,麻豆區,2
2023-10-30,台南市,龍崎區,1
2023-10-30,嘉義縣,大林鎮,1
2023-10-30,嘉義縣,梅山鄉,2
2023-10-30,嘉義縣,民雄鄉,1
2023-10-30,屏東縣,屏東市,8
2023-10-30,屏東縣,恆春鎮,1
2023-10-30,新北市,新店區,1
2023-10-30,桃園市,桃園區,1
2023-10-30,雲林縣,古坑鄉,4
2023-10-30,雲林縣,斗六市,1
2023-10-30,高雄市,三民區,6
2023-10-30,高雄市,仁武區,1
2023-10-30,高雄市,前金區,1
2023-10-30,高雄市,前鎮區,2
2023-10-30,高雄市,小港區,2
2023-10-30,高雄市,左營區,4
2023-10-30,高雄市,新興區,5
2023-10-30,高雄市,湖內區,1
2023-10-30,高雄市,苓雅區,4
2023-10-30,高雄市,茄萣區,1
2023-10-30,高雄市,路竹區,1
2023-10-30,高雄市,阿蓮區,1
2023-10-30,高雄市,鳥松區,1
2023-10-30,高雄市,鳳山區,10
2023-10-30,高雄市,鼓山區,2
2023-10-31,台南市,中西區,12
2023-10-31,台南市,仁德區,3
2023-10-31,台南市,佳里區,6
2023-10-31,台南市,北區,30
2023-10-31,台南市,南區,17
2023-10-31,台南市,善化區,1
2023-10-31,台南市,學甲區,1
2023-10-31,台南市,安南區,16
2023-10-31,台南市,安定區,1
2023-10-31,台南市,安平區,12
2023-10-31,台南市,官田區,1
2023-10-31,台南市,新化區,1
2023-10-31,台南市,新市區,3
2023-10-31,台南市,新營區,2
2023-10-31,台南市,東區,29
2023-10-31,台南市,歸仁區,9
2023-10-31,台南市,永康區,22
2023-10-31,台南市,西港區,1
2023-10-31,台南市,關廟區,3
2023-10-31,嘉義市,東區,1
2023-10-31,嘉義縣,民雄鄉,1
2023-10-31,屏東縣,屏東市,5
2023-10-31,屏東縣,恆春鎮,1
2023-10-31,新北市,五股區,1
2023-10-31,新北市,新店區,1
2023-10-31,新北市,蘆洲區,2
2023-10-31,雲林縣,古坑鄉,2
2023-10-31,雲林縣,西螺鎮,1
2023-10-31,高雄市,三民區,6
2023-10-31,高雄市,仁武區,1
2023-10-31,高雄市,前鎮區,1
2023-10-31,高雄市,大寮區,3
2023-10-31,高雄市,大社區,1
2023-10-31,高雄市,小港區,4
2023-10-31,高雄市,新興區,1
2023-10-31,高雄市,楠梓區,3
2023-10-31,高雄市,苓雅區,2
2023-10-31,高雄市,茄萣區,1
2023-10-31,高雄市,路竹區,1
2023-10-31,高雄市,阿蓮區,3
2023-10-31,高雄市,鳳山區,8
2023-10-31,高雄市,鹽埕區,1
2023-10-31,高雄市,鼓山區,1
2023-11-01,台南市,中西區,9
2023-11-01,台南市,仁德區,12
2023-11-01,台南市,佳里區,2
2023-11-01,台南市,北區,28
2023-11-01,台南市,南區,16
2023-11-01,台南市,善化區,1
2023-11-01,台南市,安南區,17
2023-11-01,台南市,安平區,8
2023-11-01,台南市,左鎮區,1
2023-11-01,台南市,新化區,2
2023-11-01,台南市,東區,32
2023-11-01,台南市,歸仁區,8
2023-11-01,台南市,永康區,24
2023-11-01,台南市,關廟區,7
2023-11-01,台南市,麻豆區,1
2023-11-01,台南市,龍崎區,1
2023-11-01,嘉義縣,梅山鄉,1
2023-11-01,嘉義縣,竹崎鄉,2
2023-11-01,屏東縣,屏東市,5
2023-11-01,屏東縣,新園鄉,1
2023-11-01,新北市,五股區,1
2023-11-01,新北市,樹林區,2
2023-11-01,桃園市,中壢區,1
2023-11-01,澎湖縣,湖西鄉,1
2023-11-01,雲林縣,古坑鄉,7
2023-11-01,雲林縣,斗六市,2
2023-11-01,高雄市,三民區,6
2023-11-01,高雄市,前金區,1
2023-11-01,高雄市,大寮區,1
2023-11-01,高雄市,左營區,1
2023-11-01,高雄市,新興區,2
2023-11-01,高雄市,苓雅區,1
2023-11-01,高雄市,阿蓮區,2
2023-11-01,高雄市,鳥松區,1
2023-11-01,高雄市,鳳山區,5
2023-11-01,高雄市,鹽埕區,1
2023-11-01,高雄市,鼓山區,1
2023-11-02,台中市,外埔區,1
2023-11-02,台南市,中西區,18
2023-11-02,台南市,仁德區,3
2023-11-02,台南市,佳里區,2
2023-11-02,台南市,北區,28
2023-11-02,台南市,南區,31
2023-11-02,台南市,善化區,2
2023-11-02,台南市,安南區,19
2023-11-02,台南市,安平區,7
2023-11-02,台南市,將軍區,1
2023-11-02,台南市,山上區,1
2023-11-02,台南市,新化區,3
2023-11-02,台南市,新營區,2
2023-11-02,台南市,東區,33
2023-11-02,台南市,歸仁區,6
2023-11-02,台南市,永康區,19
2023-11-02,台南市,關廟區,8
2023-11-02,嘉義市,西區,1
2023-11-02,嘉義縣,大林鎮,2
2023-11-02,嘉義縣,梅山鄉,1
2023-11-02,嘉義縣,民雄鄉,1
2023-11-02,嘉義縣,竹崎鄉,1
2023-11-02,屏東縣,屏東市,3
2023-11-02,雲林縣,古坑鄉,1
2023-11-02,高雄市,三民區,6
2023-11-02,高雄市,仁武區,2
2023-11-02,高雄市,前金區,4
2023-11-02,高雄市,前鎮區,3
2023-11-02,高雄市,大寮區,5
2023-11-02,高雄市,小港區,5
2023-11-02,高雄市,左營區,1
2023-11-02,高雄市,新興區,1
2023-11-02,高雄市,楠梓區,1
2023-11-02,高雄市,田寮區,1
2023-11-02,高雄市,苓雅區,1
2023-11-02,高雄市,路竹區,1
2023-11-02,高雄市,鳳山區,12
2023-11-02,高雄市,鹽埕區,1
2023-11-03,台北市,南港區,1
2023-11-03,台南市,中西區,15
2023-11-03,台南市,仁德區,6
2023-11-03,台南市,佳里區,3
2023-11-03,台南市,北區,21
2023-11-03,台南市,南區,11
2023-11-03,台南市,善化區,1
2023-11-03,台南市,安南區,19
2023-11-03,台南市,安平區,14
2023-11-03,台南市,將軍區,1
2023-11-03,台南市,新化區,4
2023-11-03,台南市,東區,27
2023-11-03,台南市,歸仁區,6
2023-11-03,台南市,永康區,14
2023-11-03,台南市,西港區,1
2023-11-03,台南市,關廟區,12
2023-11-03,台南市,麻豆區,1
2023-11-03,台南市,龍崎區,1
2023-11-03,嘉義縣,大林鎮,2
2023-11-03,嘉義縣,梅山鄉,1
2023-11-03,嘉義縣,民雄鄉,1
2023-11-03,宜蘭縣,蘇澳鎮,1
2023-11-03,屏東縣,屏東市,3
2023-11-03,新北市,汐止區,1
2023-11-03,新竹縣,竹北市,1
2023-11-03,雲林縣,古坑鄉,5
2023-11-03,雲林縣,斗六市,2
2023-11-03,高雄市,三民區,7
2023-11-03,高雄市,前金區,3
2023-11-03,高雄市,前鎮區,4
2023-11-03,高雄市,大寮區,4
2023-11-03,高雄市,大樹區,1
2023-11-03,高雄市,小港區,3
2023-11-03,高雄市,左營區,2
2023-11-03,高雄市,新興區,1
2023-11-03,高雄市,楠梓區,1
2023-11-03,高雄市,美濃區,1
2023-11-03,高雄市,苓雅區,1
2023-11-03,高雄市,鳳山區,7
2023-11-04,台北市,內湖區,1
2023-11-04,台南市,七股區,1
2023-11-04,台南市,中西區,11
2023-11-04,台南市,仁德區,7
2023-11-04,台南市,佳里區,3
2023-11-04,台南市,北區,34
2023-11-04,台南市,南區,15
2023-11-04,台南市,善化區,3
2023-11-04,台南市,安南區,10
2023-11-04,台南市,安定區,2
2023-11-04,台南市,安平區,5
2023-11-04,台南市,新化區,1
2023-11-04,台南市,新營區,2
2023-11-04,台南市,東區,25
2023-11-04,台南市,歸仁區,4
2023-11-04,台南市,永康區,19
2023-11-04,台南市,關廟區,5
2023-11-04,台南市,麻豆區,4
2023-11-04,嘉義市,東區,1
2023-11-04,嘉義縣,中埔鄉,1
2023-11-04,嘉義縣,大林鎮,1
2023-11-04,嘉義縣,梅山鄉,2
2023-11-04,嘉義縣,民雄鄉,1
2023-11-04,屏東縣,屏東市,1
2023-11-04,屏東縣,東港鎮,1
2023-11-04,新北市,蘆洲區,1
2023-11-04,雲林縣,古坑鄉,3
2023-11-04,高雄市,三民區,9
2023-11-04,高雄市,前鎮區,1
2023-11-04,高雄市,小港區,7
2023-11-04,高雄市,左營區,1
2023-11-04,高雄市,新興區,7
2023-11-04,高雄市,湖內區,2
2023-11-04,高雄市,燕巢區,1
2023-11-04,高雄市,美濃區,1
2023-11-04,高雄市,苓雅區,1
2023-11-04,高雄市,鳥松區,1
2023-11-04,高雄市,鳳山區,5
2023-11-04,高雄市,鼓山區,2
2023-11-05,台南市,七股區,1
2023-11-05,台南市,下營區,1
2023-11-05,台南市,中西區,12
2023-11-05,台南市,仁德區,2
2023-11-05,台南市,佳里區,6
2023-11-05,台南市,北區,29
2023-11-05,台南市,南區,13
2023-11-05,台南市,善化區,1
2023-11-05,台南市,大內區,1
2023-11-05,台南市,學甲區,1
2023-11-05,台南市,安南區,12
2023-11-05,台南市,安平區,7
2023-11-05,台南市,左鎮區,1
2023-11-05,台南市,新市區,1
2023-11-05,台南市,東區,17
2023-11-05,台南市,歸仁區,3
2023-11-05,台南市,永康區,16
2023-11-05,台南市,關廟區,5
2023-11-05,台南市,麻豆區,1
2023-11-05,嘉義縣,中埔鄉,1
2023-11-05,嘉義縣,大林鎮,1
2023-11-05,嘉義縣,梅山鄉,1
2023-11-05,屏東縣,屏東市,6
2023-11-05,屏東縣,東港鎮,1
2023-11-05,屏東縣,瑪家鄉,1
2023-11-05,彰化縣,員林市,1
2023-11-05,新北市,永和區,1
2023-11-05,新北市,泰山區,1
2023-11-05,雲林縣,古坑鄉,3
2023-11-05,雲林縣,斗六市,1
2023-11-05,雲林縣,麥寮鄉,1
2023-11-05,高雄市,三民區,12
2023-11-05,高雄市,仁武區,2
2023-11-05,高雄市,前金區,2
2023-11-05,高雄市,大寮區,3
2023-11-05,高雄市,大樹區,1
2023-11-05,高雄市,小港區,4
2023-11-05,高雄市,左營區,3
2023-11-05,高雄市,梓官區,1
2023-11-05,高雄市,燕巢區,1
2023-11-05,高雄市,苓雅區,3
2023-11-05,高雄市,鳳山區,9
2023-11-06,台南市,下營區,1
2023-11-06,台南市,中西區,15
2023-11-06,台南市,仁德區,2
2023-11-06,台南市,佳里區,6
2023-11-06,台南市,北區,20
2023-11-06,台南市,南區,8
2023-11-06,台南市,善化區,1
2023-11-06,台南市,安南區,16
2023-11-06,台南市,安平區,7
2023-11-06,台南市,新化區,4
2023-11-06,台南市,新營區,1
2023-11-06,台南市,東區,21
2023-11-06,台南市,歸仁區,4
2023-11-06,台南市,永康區,21
2023-11-06,台南市,西港區,1
2023-11-06,台南市,關廟區,5
2023-11-06,台南市,麻豆區,5
2023-11-06,嘉義縣,中埔鄉,1
2023-11-06,嘉義縣,布袋鎮,1
2023-11-06,嘉義縣,民雄鄉,1
2023-11-06,嘉義縣,竹崎鄉,1
2023-11-06,屏東縣,內埔鄉,1
2023-11-06,屏東縣,屏東市,2
2023-11-06,新北市,五股區,1
2023-11-06,新北市,新莊區,1
2023-11-06,雲林縣,古坑鄉,2
2023-11-06,雲林縣,斗六市,3
2023-11-06,雲林縣,虎尾鎮,1
2023-11-06,高雄市,三民區,13
2023-11-06,高雄市,前金區,1
2023-11-06,高雄市,前鎮區,6
2023-11-06,高雄市,大寮區,3
2023-11-06,高雄市,大社區,2
2023-11-06,高雄市,小港區,4
2023-11-06,高雄市,岡山區,1
2023-11-06,高雄市,左營區,5
2023-11-06,高雄市,新興區,1
2023-11-06,高雄市,梓官區,4
2023-11-06,高雄市,楠梓區,4
2023-11-06,高雄市,湖內區,1
2023-11-06,高雄市,苓雅區,9
2023-11-06,高雄市,鳳山區,7
2023-11-06,高雄市,鹽埕區,1
2023-11-06,高雄市,鼓山區,1
2023-11-07,台中市,大里區,1
2023-11-07,台北市,中正區,1
2023-11-07,台南市,中西區,7
2023-11-07,台南市,仁德區,3
2023-11-07,台南市,佳里區,3
2023-11-07,台南市,北區,28
2023-11-07,台南市,南區,15
2023-11-07,台南市,善化區,1
2023-11-07,台南市,安南區,20
2023-11-07,台南市,安定區,1
2023-11-07,台南市,安平區,4
2023-11-07,台南市,新化區,3
2023-11-07,台南市,新市區,2
2023-11-07,台南市,東區,18
2023-11-07,台南市,歸仁區,6
2023-11-07,台南市,永康區,17
2023-11-07,台南市,關廟區,3
2023-11-07,台南市,麻豆區,5
2023-11-07,台南市,龍崎區,1
2023-11-07,嘉義縣,大林鎮,1
2023-11-07,嘉義縣,民雄鄉,1
2023-11-07,屏東縣,屏東市,5
2023-11-07,彰化縣,員林市,1
2023-11-07,彰化縣,大村鄉,1
2023-11-07,雲林縣,古坑鄉,4
2023-11-07,雲林縣,土庫鎮,1
2023-11-07,高雄市,三民區,7
2023-11-07,高雄市,前鎮區,6
2023-11-07,高雄市,大寮區,4
2023-11-07,高雄市,小港區,1
2023-11-07,高雄市,岡山區,1
2023-11-07,高雄市,左營區,1
2023-11-07,高雄市,新興區,3
2023-11-07,高雄市,梓官區,4
2023-11-07,高雄市,苓雅區,3
2023-11-07,高雄市,路竹區,1
2023-11-07,高雄市,阿蓮區,1
2023-11-07,高雄市,鳳山區,8
2023-11-07,高雄市,鹽埕區,3
2023-11-07,高雄市,鼓山區,1
2023-11-08,台北市,萬華區,1
2023-11-08,台南市,中西區,8
2023-11-08,台南市,仁德區,4
2023-11-08,台南市,佳里區,5
2023-11-08,台南市,北區,26
2023-11-08,台南市,南區,20
2023-11-08,台南市,善化區,5
2023-11-08,台南市,安南區,10
2023-11-08,台南市,安平區,7
2023-11-08,台南市,左鎮區,1
2023-11-08,台南市,新化區,4
2023-11-08,台南市,新市區,1
2023-11-08,台南市,東區,20
2023-11-08,台南市,東山區,1
2023-11-08,台南市,歸仁區,4
2023-11-08,台南市,永康區,10
2023-11-08,台南市,玉井區,1
2023-11-08,台南市,西港區,1
2023-11-08,台南市,關廟區,2
2023-11-08,台南市,麻豆區,2
2023-11-08,嘉義縣,民雄鄉,1
2023-11-08,屏東縣,內埔鄉,1
2023-11-08,屏東縣,屏東市,8
2023-11-08,新北市,五股區,1
2023-11-08,雲林縣,古坑鄉,1
2023-11-08,雲林縣,斗六市,2
2023-11-08,高雄市,三民區,9
2023-11-08,高雄市,前金區,1
2023-11-08,高雄市,前鎮區,2
2023-11-08,高雄市,大寮區,3
2023-11-08,高雄市,小港區,9
2023-11-08,高雄市,左營區,4
2023-11-08,高雄市,新興區,1
2023-11-08,高雄市,梓官區,4
2023-11-08,高雄市,楠梓區,2
2023-11-08,高雄市,橋頭區,1
2023-11-08,高雄市,苓雅區,2
2023-11-08,高雄市,鳥松區,1
2023-11-08,高雄市,鳳山區,6
2023-11-08,高雄市,鹽埕區,2
2023-11-08,高雄市,鼓山區,1
2023-11-09,台南市,中西區,14
2023-11-09,台南市,仁德區,7
2023-11-09,台南市,佳里區,2
2023-11-09,台南市,北區,18
2023-11-09,台南市,南區,13
2023-11-09,台南市,善化區,1
2023-11-09,台南市,安南區,15
2023-11-09,台南市,安平區,3
2023-11-09,台南市,將軍區,1
2023-11-09,台南市,左鎮區,1
2023-11-09,台南市,新化區,2
2023-11-09,台南市,新市區,1
2023-11-09,台南市,東區,23
2023-11-09,台南市,東山區,1
2023-11-09,台南市,歸仁區,4
2023-11-09,台南市,永康區,14
2023-11-09,台南市,西港區,1
2023-11-09,台南市,關廟區,7
2023-11-09,嘉義縣,梅山鄉,1
2023-11-09,屏東縣,屏東市,6
2023-11-09,屏東縣,崁頂鄉,1
2023-11-09,屏東縣,萬丹鄉,1
2023-11-09,屏東縣,長治鄉,1
2023-11-09,新北市,板橋區,1
2023-11-09,雲林縣,古坑鄉,1
2023-11-09,雲林縣,斗六市,1
2023-11-09,高雄市,三民區,13
2023-11-09,高雄市,仁武區,1
2023-11-09,高雄市,前金區,3
2023-11-09,高雄市,前鎮區,2
2023-11-09,高雄市,大寮區,3
2023-11-09,高雄市,大樹區,1
2023-11-09,高雄市,小港區,5
2023-11-09,高雄市,岡山區,1
2023-11-09,高雄市,左營區,1
2023-11-09,高雄市,楠梓區,3
2023-11-09,高雄市,橋頭區,1
2023-11-09,高雄市,湖內區,1
2023-11-09,高雄市,燕巢區,1
2023-11-09,高雄市,苓雅區,2
2023-11-09,高雄市,阿蓮區,1
2023-11-09,高雄市,鳥松區,1
2023-11-09,高雄市,鳳山區,11
2023-11-09,高雄市,鹽埕區,1
2023-11-10,台中市,太平區,1
2023-11-10,台南市,中西區,10
2023-11-10,台南市,仁德區,3
2023-11-10,台南市,佳里區,3
2023-11-10,台南市,六甲區,1
2023-11-10,台南市,北區,23
2023-11-10,台南市,南區,11
2023-11-10,台南市,善化區,2
2023-11-10,台南市,安南區,11
2023-11-10,台南市,安平區,4
2023-11-10,台南市,新化區,1
2023-11-10,台南市,新市區,1
2023-11-10,台南市,東區,13
2023-11-10,台南市,歸仁區,5
2023-11-10,台南市,永康區,12
2023-11-10,台南市,西港區,1
2023-11-10,台南市,關廟區,7
2023-11-10,台南市,麻豆區,8
2023-11-10,嘉義縣,大林鎮,1
2023-11-10,嘉義縣,梅山鄉,2
2023-11-10,嘉義縣,竹崎鄉,1
2023-11-10,屏東縣,屏東市,3
2023-11-10,屏東縣,萬巒鄉,1
2023-11-10,新北市,泰山區,1
2023-11-10,澎湖縣,馬公市,1
2023-11-10,苗栗縣,頭份市,1
2023-11-10,雲林縣,古坑鄉,3
2023-11-10,雲林縣,土庫鎮,1
2023-11-10,雲林縣,斗六市,1
2023-11-10,高雄市,三民區,9
2023-11-10,高雄市,仁武區,1
2023-11-10,高雄市,前鎮區,4
2023-11-10,高雄市,大樹區,1
2023-11-10,高雄市,大社區,1
2023-11-10,高雄市,小港區,2
2023-11-10,高雄市,旗津區,1
2023-11-10,高雄市,梓官區,2
2023-11-10,高雄市,楠梓區,3
2023-11-10,高雄市,苓雅區,3
2023-11-10,高雄市,茄萣區,1
2023-11-10,高雄市,阿蓮區,1
2023-11-10,高雄市,鳳山區,5
2023-11-10,高雄市,鹽埕區,2
2023-11-10,高雄市,鼓山區,2
2023-11-11,台中市,沙鹿區,1
2023-11-11,台南市,中西區,12
2023-11-11,台南市,仁德區,6
2023-11-11,台南市,佳里區,6
2023-11-11,台南市,北區,14
2023-11-11,台南市,南區,12
2023-11-11,台南市,安南區,12
2023-11-11,台南市,安定區,1
2023-11-11,台南市,安平區,5
2023-11-11,台南市,將軍區,1
2023-11-11,台南市,新化區,1
2023-11-11,台南市,新營區,1
2023-11-11,台南市,東區,20
2023-11-11,台南市,歸仁區,4
2023-11-11,台南市,永康區,22
2023-11-11,台南市,西港區,1
2023-11-11,台南市,關廟區,1
2023-11-11,台南市,麻豆區,6
2023-11-11,嘉義縣,中埔鄉,1
2023-11-11,嘉義縣,梅山鄉,1
2023-11-11,嘉義縣,民雄鄉,2
2023-11-11,嘉義縣,竹崎鄉,2
2023-11-11,屏東縣,佳冬鄉,1
2023-11-11,屏東縣,屏東市,4
2023-11-11,雲林縣,古坑鄉,1
2023-11-11,高雄市,三民區,9
2023-11-11,高雄市,前鎮區,4
2023-11-11,高雄市,大寮區,2
2023-11-11,高雄市,小港區,2
2023-11-11,高雄市,岡山區,1
2023-11-11,高雄市,左營區,3
2023-11-11,高雄市,新興區,3
2023-11-11,高雄市,梓官區,2
2023-11-11,高雄市,湖內區,1
2023-11-11,高雄市,苓雅區,5
2023-11-11,高雄市,茄萣區,1
2023-11-11,高雄市,鳥松區,1
2023-11-11,高雄市,鳳山區,6
2023-11-11,高雄市,鹽埕區,2
2023-11-12,台南市,中西區,7
2023-11-12,台南市,仁德區,3
2023-11-12,台南市,佳里區,4
2023-11-12,台南市,北區,15
2023-11-12,台南市,南區,17
2023-11-12,台南市,善化區,1
2023-11-12,台南市,安南區,5
2023-11-12,台南市,安平區,4
2023-11-12,台南市,將軍區,1
2023-11-12,台南市,新化區,1
2023-11-12,台南市,新營區,2
2023-11-12,台南市,東區,16
2023-11-12,台南市,歸仁區,4
2023-11-12,台南市,永康區,10
2023-11-12,台南市,西港區,1
2023-11-12,台南市,關廟區,8
2023-11-12,台南市,麻豆區,5
2023-11-12,台東縣,台東市,1
2023-11-12,嘉義市,東區,1
2023-11-12,嘉義縣,竹崎鄉,1
2023-11-12,宜蘭縣,頭城鎮,1
2023-11-12,屏東縣,林邊鄉,1
2023-11-12,屏東縣,牡丹鄉,1
2023-11-12,雲林縣,古坑鄉,1
2023-11-12,雲林縣,崙背鄉,1
2023-11-12,高雄市,三民區,5
2023-11-12,高雄市,仁武區,3
2023-11-12,高雄市,前鎮區,11
2023-11-12,高雄市,大寮區,2
2023-11-12,高雄市,大社區,1
2023-11-12,高雄市,小港區,2
2023-11-12,高雄市,岡山區,1
2023-11-12,高雄市,左營區,4
2023-11-12,高雄市,新興區,3
2023-11-12,高雄市,梓官區,2
2023-11-12,高雄市,楠梓區,1
2023-11-12,高雄市,苓雅區,3
2023-11-12,高雄市,鳥松區,2
2023-11-12,高雄市,鳳山區,4
2023-11-13,台南市,中西區,4
2023-11-13,台南市,仁德區,5
2023-11-13,台南市,佳里區,2
2023-11-13,台南市,北區,21
2023-11-13,台南市,南區,8
2023-11-13,台南市,善化區,2
2023-11-13,台南市,安南區,12
2023-11-13,台南市,官田區,1
2023-11-13,台南市,東區,27
2023-11-13,台南市,歸仁區,5
2023-11-13,台南市,永康區,17
2023-11-13,台南市,西港區,1
2023-11-13,台南市,關廟區,4
2023-11-13,台南市,麻豆區,4
2023-11-13,台南市,龍崎區,1
2023-11-13,台東縣,成功鎮,1
2023-11-13,嘉義縣,大林鎮,2
2023-11-13,嘉義縣,梅山鄉,1
2023-11-13,嘉義縣,竹崎鄉,1
2023-11-13,屏東縣,屏東市,7
2023-11-13,新北市,五股區,1
2023-11-13,雲林縣,古坑鄉,1
2023-11-13,高雄市,三民區,8
2023-11-13,高雄市,六龜區,1
2023-11-13,高雄市,前金區,1
2023-11-13,高雄市,前鎮區,1
2023-11-13,高雄市,大寮區,6
2023-11-13,高雄市,大社區,1
2023-11-13,高雄市,小港區,2
2023-11-13,高雄市,左營區,1
2023-11-13,高雄市,新興區,2
2023-11-13,高雄市,梓官區,1
2023-11-13,高雄市,楠梓區,3
2023-11-13,高雄市,苓雅區,8
2023-11-13,高雄市,阿蓮區,1
2023-11-13,高雄市,鳳山區,7
2023-11-13,高雄市,鹽埕區,2
2023-11-14,台南市,中西區,14
2023-11-14,台南市,仁德區,1
2023-11-14,台南市,佳里區,2
2023-11-14,台南市,北區,17
2023-11-14,台南市,南區,8
2023-11-14,台南市,善化區,4
2023-11-14,台南市,安南區,5
2023-11-14,台南市,安平區,2
2023-11-14,台南市,新化區,2
2023-11-14,台南市,新營區,3
2023-11-14,台南市,東區,15
2023-11-14,台南市,柳營區,1
2023-11-14,台南市,歸仁區,5
2023-11-14,台南市,永康區,9
2023-11-14,台南市,關廟區,2
2023-11-14,台南市,麻豆區,1
2023-11-14,嘉義縣,水上鄉,1
2023-11-14,屏東縣,屏東市,5
2023-11-14,新北市,五股區,1
2023-11-14,桃園市,中壢區,1
2023-11-14,雲林縣,古坑鄉,3
2023-11-14,雲林縣,斗六市,1
2023-11-14,高雄市,三民區,9
2023-11-14,高雄市,內門區,1
2023-11-14,高雄市,前鎮區,7
2023-11-14,高雄市,大寮區,3
2023-11-14,高雄市,小港區,4
2023-11-14,高雄市,左營區,5
2023-11-14,高雄市,新興區,2
2023-11-14,高雄市,楠梓區,1
2023-11-14,高雄市,苓雅區,2
2023-11-14,高雄市,鳳山區,5
2023-11-15,台南市,中西區,3
2023-11-15,台南市,仁德區,3
2023-11-15,台南市,佳里區,2
2023-11-15,台南市,北區,8
2023-11-15,台南市,南區,8
2023-11-15,台南市,善化區,1
2023-11-15,台南市,大內區,1
2023-11-15,台南市,安南區,6
2023-11-15,台南市,安定區,1
2023-11-15,台南市,安平區,5
2023-11-15,台南市,新化區,2
2023-11-15,台南市,新營區,1
2023-11-15,台南市,東區,11
2023-11-15,台南市,歸仁區,4
2023-11-15,台南市,永康區,7
2023-11-15,台南市,關廟區,5
2023-11-15,台南市,麻豆區,3
2023-11-15,嘉義市,東區,1
2023-11-15,嘉義縣,民雄鄉,1
2023-11-15,屏東縣,九如鄉,1
2023-11-15,屏東縣,屏東市,2
2023-11-15,屏東縣,東港鎮,1
2023-11-15,桃園市,中壢區,1
2023-11-15,雲林縣,斗六市,1
2023-11-15,高雄市,三民區,10
2023-11-15,高雄市,仁武區,1
2023-11-15,高雄市,前鎮區,6
2023-11-15,高雄市,大寮區,2
2023-11-15,高雄市,大社區,1
2023-11-15,高雄市,小港區,3
2023-11-15,高雄市,岡山區,1
2023-11-15,高雄市,左營區,1
2023-11-15,高雄市,新興區,2
2023-11-15,高雄市,楠梓區,4
2023-11-15,高雄市,田寮區,1
2023-11-15,高雄市,苓雅區,6
2023-11-15,高雄市,鳳山區,8
2023-11-15,高雄市,鹽埕區,2
2023-11-16,台中市,西區,1
2023-11-16,台南市,中西區,7
2023-11-16,台南市,仁德區,6
2023-11-16,台南市,佳里區,4
2023-11-16,台南市,北區,16
2023-11-16,台南市,南區,9
2023-11-16,台南市,學甲區,1
2023-11-16,台南市,安南區,5
2023-11-16,台南市,安平區,4
2023-11-16,台南市,官田區,1
2023-11-16,台南市,新營區,3
2023-11-16,台南市,東區,11
2023-11-16,台南市,歸仁區,6
2023-11-16,台南市,永康區,8
2023-11-16,台南市,關廟區,4
2023-11-16,台南市,麻豆區,3
2023-11-16,嘉義市,西區,1
2023-11-16,嘉義縣,大林鎮,3
2023-11-16,屏東縣,屏東市,3
2023-11-16,屏東縣,恆春鎮,1
2023-11-16,屏東縣,長治鄉,2
2023-11-16,新竹市,東區,1
2023-11-16,雲林縣,古坑鄉,2
2023-11-16,雲林縣,斗六市,1
2023-11-16,高雄市,三民區,12
2023-11-16,高雄市,前金區,1
2023-11-16,高雄市,前鎮區,4
2023-11-16,高雄市,大社區,1
2023-11-16,高雄市,小港區,7
2023-11-16,高雄市,岡山區,2
2023-11-16,高雄市,左營區,3
2023-11-16,高雄市,新興區,5
2023-11-16,高雄市,梓官區,1
2023-11-16,高雄市,楠梓區,3
2023-11-16,高雄市,苓雅區,7
2023-11-16,高雄市,阿蓮區,1
2023-11-16,高雄市,鳳山區,4
2023-11-16,高雄市,鹽埕區,1
2023-11-17,台北市,大安區,1
2023-11-17,台南市,中西區,4
2023-11-17,台南市,仁德區,7
2023-11-17,台南市,佳里區,1
2023-11-17,台南市,北區,13
2023-11-17,台南市,南區,11
2023-11-17,台南市,安南區,6
2023-11-17,台南市,新化區,4
2023-11-17,台南市,新營區,4
2023-11-17,台南市,東區,11
2023-11-17,台南市,柳營區,1
2023-11-17,台南市,歸仁區,3
2023-11-17,台南市,永康區,5
2023-11-17,台南市,關廟區,4
2023-11-17,台南市,鹽水區,1
2023-11-17,台南市,麻豆區,3
2023-11-17,嘉義市,東區,1
2023-11-17,嘉義市,西區,1
2023-11-17,嘉義縣,竹崎鄉,1
2023-11-17,屏東縣,屏東市,4
2023-11-17,屏東縣,恆春鎮,1
2023-11-17,新北市,三峽區,1
2023-11-17,新北市,五股區,1
2023-11-17,新北市,土城區,1
2023-11-17,新北市,新店區,1
2023-11-17,金門縣,金城鎮,1
2023-11-17,雲林縣,古坑鄉,1
2023-11-17,雲林縣,斗六市,1
2023-11-17,雲林縣,林內鄉,1
2023-11-17,高雄市,三民區,10
2023-11-17,高雄市,仁武區,3
2023-11-17,高雄市,前鎮區,2
2023-11-17,高雄市,大社區,2
2023-11-17,高雄市,小港區,2
2023-11-17,高雄市,岡山區,1
2023-11-17,高雄市,左營區,6
2023-11-17,高雄市,新興區,8
2023-11-17,高雄市,梓官區,2
2023-11-17,高雄市,田寮區,1
2023-11-17,高雄市,苓雅區,11
2023-11-17,高雄市,路竹區,1
2023-11-17,高雄市,鳳山區,12
2023-11-18,台北市,中山區,1
2023-11-18,台北市,信義區,1
2023-11-18,台南市,中西區,7
2023-11-18,台南市,仁德區,6
2023-11-18,台南市,佳里區,2
2023-11-18,台南市,北區,7
2023-11-18,台南市,南區,7
2023-11-18,台南市,善化區,2
2023-11-18,台南市,學甲區,1
2023-11-18,台南市,安南區,3
2023-11-18,台南市,新化區,1
2023-11-18,台南市,新營區,4
2023-11-18,台南市,東區,12
2023-11-18,台南市,東山區,1
2023-11-18,台南市,歸仁區,1
2023-11-18,台南市,永康區,5
2023-11-18,台南市,麻豆區,1
2023-11-18,台南市,龍崎區,2
2023-11-18,嘉義縣,大林鎮,2
2023-11-18,屏東縣,屏東市,3
2023-11-18,新北市,泰山區,1
2023-11-18,雲林縣,古坑鄉,4
2023-11-18,雲林縣,斗六市,2
2023-11-18,高雄市,三民區,17
2023-11-18,高雄市,前金區,1
2023-11-18,高雄市,前鎮區,2
2023-11-18,高雄市,小港區,5
2023-11-18,高雄市,左營區,5
2023-11-18,高雄市,新興區,3
2023-11-18,高雄市,楠梓區,3
2023-11-18,高雄市,苓雅區,6
2023-11-18,高雄市,路竹區,1
2023-11-18,高雄市,阿蓮區,1
2023-11-18,高雄市,鳳山區,12
2023-11-18,高雄市,鹽埕區,1
2023-11-19,台南市,中西區,5
2023-11-19,台南市,仁德區,8
2023-11-19,台南市,佳里區,4
2023-11-19,台南市,北區,10
2023-11-19,台南市,南區,10
2023-11-19,台南市,善化區,1
2023-11-19,台南市,安南區,5
2023-11-19,台南市,安平區,2
2023-11-19,台南市,新化區,1
2023-11-19,台南市,新營區,2
2023-11-19,台南市,東區,13
2023-11-19,台南市,歸仁區,2
2023-11-19,台南市,永康區,6
2023-11-19,台南市,西港區,1
2023-11-19,台南市,關廟區,3
2023-11-19,台南市,麻豆區,2
2023-11-19,屏東縣,內埔鄉,2
2023-11-19,屏東縣,屏東市,5
2023-11-19,高雄市,三民區,11
2023-11-19,高雄市,前金區,1
2023-11-19,高雄市,前鎮區,4
2023-11-19,高雄市,小港區,3
2023-11-19,高雄市,岡山區,1
2023-11-19,高雄市,左營區,6
2023-11-19,高雄市,新興區,1
2023-11-19,高雄市,梓官區,1
2023-11-19,高雄市,楠梓區,1
2023-11-19,高雄市,苓雅區,8
2023-11-19,高雄市,鳳山區,5
2023-11-19,高雄市,鹽埕區,2
2023-11-20,台北市,文山區,1
2023-11-20,台南市,中西區,5
2023-11-20,台南市,仁德區,3
2023-11-20,台南市,佳里區,3
2023-11-20,台南市,北區,4
2023-11-20,台南市,南區,11
2023-11-20,台南市,善化區,1
2023-11-20,台南市,安南區,6
2023-11-20,台南市,安平區,2
2023-11-20,台南市,東區,15
2023-11-20,台南市,歸仁區,2
2023-11-20,台南市,永康區,10
2023-11-20,台南市,西港區,2
2023-11-20,台南市,關廟區,2
2023-11-20,台南市,麻豆區,1
2023-11-20,屏東縣,屏東市,2
2023-11-20,彰化縣,伸港鄉,1
2023-11-20,雲林縣,古坑鄉,3
2023-11-20,雲林縣,斗六市,1
2023-11-20,高雄市,三民區,14
2023-11-20,高雄市,仁武區,2
2023-11-20,高雄市,前鎮區,4
2023-11-20,高雄市,大樹區,2
2023-11-20,高雄市,大社區,1
2023-11-20,高雄市,小港區,6
2023-11-20,高雄市,左營區,2
2023-11-20,高雄市,苓雅區,5
2023-11-20,高雄市,鳳山區,8
2023-11-20,高雄市,鹽埕區,1
2023-11-20,高雄市,鼓山區,1
2023-11-21,台中市,大里區,1
2023-11-21,台南市,中西區,4
2023-11-21,台南市,仁德區,3
2023-11-21,台南市,佳里區,2
2023-11-21,台南市,北區,10
2023-11-21,台南市,南化區,1
2023-11-21,台南市,南區,4
2023-11-21,台南市,安南區,4
2023-11-21,台南市,安平區,4
2023-11-21,台南市,新化區,2
2023-11-21,台南市,新營區,1
2023-11-21,台南市,東區,10
2023-11-21,台南市,永康區,8
2023-11-21,台南市,西港區,1
2023-11-21,台南市,關廟區,4
2023-11-21,台南市,麻豆區,1
2023-11-21,嘉義縣,梅山鄉,2
2023-11-21,嘉義縣,竹崎鄉,1
2023-11-21,屏東縣,屏東市,1
2023-11-21,屏東縣,恆春鎮,2
2023-11-21,屏東縣,新園鄉,1
2023-11-21,屏東縣,里港鄉,1
2023-11-21,澎湖縣,馬公市,1
2023-11-21,雲林縣,古坑鄉,2
2023-11-21,雲林縣,斗六市,1
2023-11-21,高雄市,三民區,5
2023-11-21,高雄市,仁武區,2
2023-11-21,高雄市,前金區,4
2023-11-21,高雄市,前鎮區,1
2023-11-21,高雄市,大寮區,1
2023-11-21,高雄市,大樹區,1
2023-11-21,高雄市,小港區,5
2023-11-21,高雄市,左營區,6
2023-11-21,高雄市,新興區,1
2023-11-21,高雄市,旗津區,1
2023-11-21,高雄市,梓官區,1
2023-11-21,高雄市,楠梓區,2
2023-11-21,高雄市,苓雅區,4
2023-11-21,高雄市,阿蓮區,1
2023-11-21,高雄市,鳳山區,10
2023-11-21,高雄市,鹽埕區,1
2023-11-21,高雄市,鼓山區,1
2023-11-22,台南市,中西區,2
2023-11-22,台南市,仁德區,5
2023-11-22,台南市,佳里區,1
2023-11-22,台南市,北區,6
2023-11-22,台南市,南區,6
2023-11-22,台南市,安南區,3
2023-11-22,台南市,安定區,1
2023-11-22,台南市,將軍區,1
2023-11-22,台南市,新化區,1
2023-11-22,台南市,東區,5
2023-11-22,台南市,永康區,9
2023-11-22,台南市,關廟區,1
2023-11-22,台南市,麻豆區,3
2023-11-22,嘉義縣,大林鎮,1
2023-11-22,嘉義縣,梅山鄉,1
2023-11-22,嘉義縣,民雄鄉,1
2023-11-22,屏東縣,屏東市,3
2023-11-22,雲林縣,古坑鄉,1
2023-11-22,高雄市,三民區,9
2023-11-22,高雄市,前鎮區,2
2023-11-22,高雄市,大社區,1
2023-11-22,高雄市,小港區,8
2023-11-22,高雄市,左營區,1
2023-11-22,高雄市,新興區,2
2023-11-22,高雄市,林園區,1
2023-11-22,高雄市,楠梓區,1
2023-11-22,高雄市,湖內區,1
2023-11-22,高雄市,苓雅區,3
2023-11-22,高雄市,鳥松區,1
2023-11-22,高雄市,鳳山區,7
2023-11-23,台中市,西屯區,1
2023-11-23,台南市,中西區,4
2023-11-23,台南市,仁德區,3
2023-11-23,台南市,佳里區,2
2023-11-23,台南市,北區,8
2023-11-23,台南市,南區,6
2023-11-23,台南市,安南區,3
2023-11-23,台南市,安平區,1
2023-11-23,台南市,新營區,2
2023-11-23,台南市,東區,8
2023-11-23,台南市,永康區,5
2023-11-23,台南市,關廟區,2
2023-11-23,台南市,麻豆區,2
2023-11-23,台南市,龍崎區,1
2023-11-23,嘉義縣,大林鎮,1
2023-11-23,嘉義縣,竹崎鄉,1
2023-11-23,屏東縣,屏東市,4
2023-11-23,新北市,泰山區,1
2023-11-23,雲林縣,斗六市,1
2023-11-23,高雄市,三民區,10
2023-11-23,高雄市,仁武區,3
2023-11-23,高雄市,前金區,1
2023-11-23,高雄市,前鎮區,4
2023-11-23,高雄市,大寮區,1
2023-11-23,高雄市,小港區,2
2023-11-23,高雄市,岡山區,1
2023-11-23,高雄市,左營區,1
2023-11-23,高雄市,新興區,2
2023-11-23,高雄市,梓官區,1
2023-11-23,高雄市,楠梓區,1
2023-11-23,高雄市,苓雅區,5
2023-11-23,高雄市,鳥松區,1
2023-11-23,高雄市,鳳山區,7
2023-11-23,高雄市,鹽埕區,1
2023-11-24,台南市,中西區,2
2023-11-24,台南市,仁德區,4
2023-11-24,台南市,佳里區,2
2023-11-24,台南市,北區,5
2023-11-24,台南市,安南區,1
2023-11-24,台南市,新化區,1
2023-11-24,台南市,新營區,1
2023-11-24,台南市,東區,3
2023-11-24,台南市,歸仁區,1
2023-11-24,台南市,永康區,3
2023-11-24,台南市,關廟區,3
2023-11-24,台南市,麻豆區,2
2023-11-24,嘉義縣,大林鎮,2
2023-11-24,嘉義縣,梅山鄉,2
2023-11-24,嘉義縣,民雄鄉,1
2023-11-24,屏東縣,屏東市,1
2023-11-24,屏東縣,東港鎮,1
2023-11-24,高雄市,三民區,5
2023-11-24,高雄市,前鎮區,1
2023-11-24,高雄市,大寮區,1
2023-11-24,高雄市,小港區,8
2023-11-24,高雄市,岡山區,3
2023-11-24,高雄市,左營區,3
2023-11-24,高雄市,新興區,1
2023-11-24,高雄市,楠梓區,2
2023-11-24,高雄市,燕巢區,1
2023-11-24,高雄市,苓雅區,5
2023-11-24,高雄市,鳳山區,8
2023-11-24,高雄市,鹽埕區,1
2023-11-25,台北市,信義區,1
2023-11-25,台南市,下營區,1
2023-11-25,台南市,中西區,3
2023-11-25,台南市,仁德區,1
2023-11-25,台南市,北區,2
2023-11-25,台南市,善化區,1
2023-11-25,台南市,安南區,1
2023-11-25,台南市,安平區,1
2023-11-25,台南市,東區,6
2023-11-25,台南市,歸仁區,1
2023-11-25,台南市,永康區,2
2023-11-25,台南市,關廟區,2
2023-11-25,台南市,麻豆區,1
2023-11-25,嘉義市,東區,1
2023-11-25,嘉義市,西區,1
2023-11-25,嘉義縣,梅山鄉,4
2023-11-25,新竹市,東區,1
2023-11-25,雲林縣,古坑鄉,1
2023-11-25,高雄市,三民區,7
2023-11-25,高雄市,仁武區,1
2023-11-25,高雄市,前鎮區,2
2023-11-25,高雄市,大社區,1
2023-11-25,高雄市,小港區,2
2023-11-25,高雄市,岡山區,2
2023-11-25,高雄市,新興區,2
2023-11-25,高雄市,苓雅區,4
2023-11-25,高雄市,鳳山區,2
2023-11-25,高雄市,鹽埕區,1
2023-11-26,台中市,烏日區,1
2023-11-26,台南市,下營區,1
2023-11-26,台南市,中西區,3
2023-11-26,台南市,仁德區,2
2023-11-26,台南市,北區,6
2023-11-26,台南市,南區,5
2023-11-26,台南市,安南區,2
2023-11-26,台南市,安平區,2
2023-11-26,台南市,新化區,3
2023-11-26,台南市,新營區,1
2023-11-26,台南市,東區,7
2023-11-26,台南市,歸仁區,1
2023-11-26,台南市,永康區,5
2023-11-26,台南市,麻豆區,2
2023-11-26,嘉義市,東區,1
2023-11-26,屏東縣,屏東市,4
2023-11-26,彰化縣,花壇鄉,1
2023-11-26,雲林縣,古坑鄉,1
2023-11-26,高雄市,三民區,5
2023-11-26,高雄市,前鎮區,1
2023-11-26,高雄市,大寮區,2
2023-11-26,高雄市,大社區,1
2023-11-26,高雄市,小港區,3
2023-11-26,高雄市,左營區,1
2023-11-26,高雄市,新興區,1
2023-11-26,高雄市,旗山區,1
2023-11-26,高雄市,梓官區,1
2023-11-26,高雄市,楠梓區,2
2023-11-26,高雄市,苓雅區,3
2023-11-26,高雄市,鳳山區,7
2023-11-27,台南市,中西區,1
2023-11-27,台南市,六甲區,1
2023-11-27,台南市,北區,1
2023-11-27,台南市,南區,5
2023-11-27,台南市,安南區,4
2023-11-27,台南市,安平區,1
2023-11-27,台南市,新化區,2
2023-11-27,台南市,新營區,2
2023-11-27,台南市,東區,4
2023-11-27,台南市,歸仁區,1
2023-11-27,台南市,永康區,1
2023-11-27,台南市,關廟區,1
2023-11-27,嘉義市,東區,1
2023-11-27,嘉義縣,大林鎮,1
2023-11-27,嘉義縣,梅山鄉,2
2023-11-27,屏東縣,屏東市,1
2023-11-27,澎湖縣,馬公市,1
2023-11-27,雲林縣,古坑鄉,5
2023-11-27,雲林縣,斗六市,1
2023-11-27,高雄市,三民區,8
2023-11-27,高雄市,前金區,2
2023-11-27,高雄市,前鎮區,5
2023-11-27,高雄市,大社區,2
2023-11-27,高雄市,小港區,1
2023-11-27,高雄市,岡山區,1
2023-11-27,高雄市,左營區,2
2023-11-27,高雄市,新興區,2
2023-11-27,高雄市,苓雅區,3
2023-11-27,高雄市,鳳山區,4
2023-11-27,高雄市,鼓山區,1
2023-11-28,台南市,七股區,1
2023-11-28,台南市,中西區,3
2023-11-28,台南市,仁德區,1
2023-11-28,台南市,佳里區,1
2023-11-28,台南市,北區,5
2023-11-28,台南市,南區,2
2023-11-28,台南市,善化區,1
2023-11-28,台南市,安南區,3
2023-11-28,台南市,安平區,1
2023-11-28,台南市,將軍區,1
2023-11-28,台南市,東區,3
2023-11-28,台南市,歸仁區,1
2023-11-28,台南市,永康區,1
2023-11-28,台南市,關廟區,2
2023-11-28,台南市,麻豆區,1
2023-11-28,嘉義市,東區,4
2023-11-28,屏東縣,屏東市,1
2023-11-28,屏東縣,恆春鎮,1
2023-11-28,屏東縣,麟洛鄉,1
2023-11-28,雲林縣,古坑鄉,1
2023-11-28,雲林縣,斗六市,1
2023-11-28,高雄市,三民區,6
2023-11-28,高雄市,前鎮區,2
2023-11-28,高雄市,大寮區,1
2023-11-28,高雄市,新興區,4
2023-11-28,高雄市,楠梓區,1
2023-11-28,高雄市,燕巢區,1
2023-11-28,高雄市,苓雅區,1
2023-11-28,高雄市,鳳山區,2
2023-11-29,台南市,中西區,2
2023-11-29,台南市,佳里區,1
2023-11-29,台南市,北區,5
2023-11-29,台南市,南化區,1
2023-11-29,台南市,南區,4
2023-11-29,台南市,安南區,5
2023-11-29,台南市,安平區,1
2023-11-29,台南市,新化區,1
2023-11-29,台南市,新營區,1
2023-11-29,台南市,東區,3
2023-11-29,台南市,柳營區,1
2023-11-29,台南市,永康區,2
2023-11-29,台南市,西港區,1
2023-11-29,台南市,關廟區,1
2023-11-29,台南市,麻豆區,1
2023-11-29,嘉義縣,大林鎮,1
2023-11-29,嘉義縣,竹崎鄉,1
2023-11-29,屏東縣,屏東市,2
2023-11-29,屏東縣,新園鄉,1
2023-11-29,雲林縣,四湖鄉,1
2023-11-29,高雄市,三民區,4
2023-11-29,高雄市,仁武區,1
2023-11-29,高雄市,前金區,2
2023-11-29,高雄市,前鎮區,1
2023-11-29,高雄市,大寮區,1
2023-11-29,高雄市,大樹區,1
2023-11-29,高雄市,小港區,3
2023-11-29,高雄市,岡山區,1
2023-11-29,高雄市,左營區,1
2023-11-29,高雄市,新興區,2
2023-11-29,高雄市,楠梓區,2
2023-11-29,高雄市,苓雅區,1
2023-11-29,高雄市,鳥松區,1
2023-11-29,高雄市,鳳山區,5
2023-11-30,台南市,仁德區,3
2023-11-30,台南市,北區,5
2023-11-30,台南市,南區,2
2023-11-30,台南市,安南區,3
2023-11-30,台南市,安平區,3
2023-11-30,台南市,東區,4
2023-11-30,台南市,永康區,3
2023-11-30,嘉義縣,中埔鄉,1
2023-11-30,嘉義縣,梅山鄉,2
2023-11-30,嘉義縣,民雄鄉,1
2023-11-30,屏東縣,屏東市,1
2023-11-30,屏東縣,東港鎮,1
2023-11-30,屏東縣,鹽埔鄉,1
2023-11-30,雲林縣,古坑鄉,2
2023-11-30,高雄市,三民區,5
2023-11-30,高雄市,前鎮區,3
2023-11-30,高雄市,大寮區,1
2023-11-30,高雄市,小港區,5
2023-11-30,高雄市,岡山區,2
2023-11-30,高雄市,左營區,2
2023-11-30,高雄市,新興區,1
2023-11-30,高雄市,林園區,1
2023-11-30,高雄市,楠梓區,1
2023-11-30,高雄市,苓雅區,2
2023-11-30,高雄市,鳳山區,3
2023-11-30,高雄市,鼓山區,2
2023-12-01,台南市,中西區,2
2023-12-01,台南市,仁德區,2
2023-12-01,台南市,北區,2
2023-12-01,台南市,南區,1
2023-12-01,台南市,善化區,1
2023-12-01,台南市,安南區,4
2023-12-01,台南市,將軍區,1
2023-12-01,台南市,東區,3
2023-12-01,台南市,歸仁區,1
2023-12-01,台南市,永康區,1
2023-12-01,台南市,麻豆區,1
2023-12-01,嘉義市,東區,1
2023-12-01,嘉義縣,竹崎鄉,2
2023-12-01,屏東縣,屏東市,2
2023-12-01,雲林縣,古坑鄉,1
2023-12-01,雲林縣,斗六市,1
2023-12-01,高雄市,三民區,4
2023-12-01,高雄市,仁武區,1
2023-12-01,高雄市,內門區,1
2023-12-01,高雄市,前鎮區,2
2023-12-01,高雄市,大寮區,1
2023-12-01,高雄市,小港區,3
2023-12-01,高雄市,新興區,1
2023-12-01,高雄市,旗山區,1
2023-12-01,高雄市,楠梓區,3
2023-12-01,高雄市,苓雅區,3
2023-12-01,高雄市,鳳山區,3
2023-12-02,台南市,中西區,4
2023-12-02,台南市,仁德區,1
2023-12-02,台南市,北區,4
2023-12-02,台南市,南區,1
2023-12-02,台南市,善化區,1
2023-12-02,台南市,新營區,1
2023-12-02,台南市,東區,2
2023-12-02,台南市,永康區,3
2023-12-02,台南市,關廟區,2
2023-12-02,台南市,麻豆區,1
2023-12-02,嘉義縣,民雄鄉,1
2023-12-02,嘉義縣,竹崎鄉,1
2023-12-02,屏東縣,內埔鄉,1
2023-12-02,屏東縣,屏東市,3
2023-12-02,新北市,林口區,1
2023-12-02,高雄市,三民區,3
2023-12-02,高雄市,前金區,1
2023-12-02,高雄市,前鎮區,3
2023-12-02,高雄市,大寮區,1
2023-12-02,高雄市,小港區,3
2023-12-02,高雄市,岡山區,1
2023-12-02,高雄市,左營區,1
2023-12-02,高雄市,新興區,1
2023-12-02,高雄市,楠梓區,2
2023-12-02,高雄市,湖內區,1
2023-12-02,高雄市,苓雅區,3
2023-12-02,高雄市,鳳山區,5
2023-12-02,高雄市,鹽埕區,1
2023-12-03,台南市,中西區,1
2023-12-03,台南市,北區,1
2023-12-03,台南市,南區,1
2023-12-03,台南市,善化區,2
2023-12-03,台南市,安南區,2
2023-12-03,台南市,安平區,4
2023-12-03,台南市,官田區,1
2023-12-03,台南市,東區,1
2023-12-03,台南市,楠西區,1
2023-12-03,台南市,永康區,1
2023-12-03,台南市,麻豆區,4
2023-12-03,台南市,龍崎區,1
2023-12-03,嘉義縣,梅山鄉,3
2023-12-03,屏東縣,屏東市,3
2023-12-03,桃園市,龜山區,1
2023-12-03,雲林縣,古坑鄉,2
2023-12-03,雲林縣,斗南鎮,1
2023-12-03,高雄市,三民區,3
2023-12-03,高雄市,仁武區,1
2023-12-03,高雄市,小港區,6
2023-12-03,高雄市,左營區,1
2023-12-03,高雄市,新興區,2
2023-12-03,高雄市,楠梓區,2
2023-12-03,高雄市,苓雅區,5
2023-12-03,高雄市,路竹區,1
2023-12-03,高雄市,鳥松區,2
2023-12-03,高雄市,鳳山區,5
2023-12-03,高雄市,鼓山區,1
2023-12-04,台北市,士林區,1
2023-12-04,台南市,中西區,6
2023-12-04,台南市,仁德區,1
2023-12-04,台南市,佳里區,1
2023-12-04,台南市,北區,3
2023-12-04,台南市,南區,2
2023-12-04,台南市,善化區,1
2023-12-04,台南市,安南區,3
2023-12-04,台南市,安平區,1
2023-12-04,台南市,新化區,2
2023-12-04,台南市,東區,2
2023-12-04,台南市,歸仁區,1
2023-12-04,台南市,永康區,3
2023-12-04,台南市,麻豆區,1
2023-12-04,嘉義縣,梅山鄉,1
2023-12-04,嘉義縣,民雄鄉,1
2023-12-04,嘉義縣,竹崎鄉,1
2023-12-04,屏東縣,屏東市,2
2023-12-04,高雄市,三民區,4
2023-12-04,高雄市,前鎮區,2
2023-12-04,高雄市,大寮區,4
2023-12-04,高雄市,小港區,3
2023-12-04,高雄市,岡山區,1
2023-12-04,高雄市,左營區,1
2023-12-04,高雄市,苓雅區,5
2023-12-04,高雄市,鳥松區,1
2023-12-04,高雄市,鳳山區,6
2023-12-05,台南市,中西區,2
2023-12-05,台南市,北區,2
2023-12-05,台南市,南區,1
2023-12-05,台南市,東區,1
2023-12-05,台南市,永康區,1
2023-12-05,台南市,關廟區,1
2023-12-05,台南市,麻豆區,1
2023-12-05,嘉義縣,梅山鄉,1
2023-12-05,屏東縣,屏東市,2
2023-12-05,雲林縣,古坑鄉,1
2023-12-05,高雄市,三民區,4
2023-12-05,高雄市,前鎮區,1
2023-12-05,高雄市,大寮區,1
2023-12-05,高雄市,大樹區,1
2023-12-05,高雄市,新興區,1
2023-12-05,高雄市,楠梓區,1
2023-12-05,高雄市,苓雅區,10
2023-12-05,高雄市,鳳山區,9
2023-12-05,高雄市,鼓山區,1
2023-12-06,台南市,中西區,2
2023-12-06,台南市,仁德區,1
2023-12-06,台南市,佳里區,2
2023-12-06,台南市,南區,1
2023-12-06,台南市,善化區,1
2023-12-06,台南市,安南區,1
2023-12-06,台南市,新市區,1
2023-12-06,台南市,歸仁區,1
2023-12-06,台南市,永康區,3
2023-12-06,台南市,關廟區,1
2023-12-06,台南市,麻豆區,1
2023-12-06,嘉義縣,水上鄉,1
2023-12-06,屏東縣,屏東市,3
2023-12-06,雲林縣,古坑鄉,2
2023-12-06,高雄市,三民區,3
2023-12-06,高雄市,仁武區,1
2023-12-06,高雄市,前鎮區,2
2023-12-06,高雄市,大寮區,5
2023-12-06,高雄市,小港區,1
2023-12-06,高雄市,左營區,1
2023-12-06,高雄市,新興區,2
2023-12-06,高雄市,楠梓區,1
2023-12-06,高雄市,苓雅區,1
2023-12-06,高雄市,鳥松區,1
2023-12-06,高雄市,鳳山區,6
2023-12-07,台南市,七股區,1
2023-12-07,台南市,中西區,3
2023-12-07,台南市,仁德區,1
2023-12-07,台南市,安南區,2
2023-12-07,台南市,新化區,1
2023-12-07,台南市,新營區,1
2023-12-07,台南市,東區,2
2023-12-07,台南市,歸仁區,1
2023-12-07,台南市,永康區,2
2023-12-07,台南市,關廟區,2
2023-12-07,屏東縣,屏東市,2
2023-12-07,屏東縣,長治鄉,1
2023-12-07,新竹縣,竹北市,1
2023-12-07,雲林縣,虎尾鎮,1
2023-12-07,高雄市,三民區,7
2023-12-07,高雄市,仁武區,1
2023-12-07,高雄市,小港區,1
2023-12-07,高雄市,左營區,3
2023-12-07,高雄市,新興區,2
2023-12-07,高雄市,苓雅區,2
2023-12-07,高雄市,鳳山區,7
2023-12-07,高雄市,鹽埕區,1
2023-12-08,台南市,北區,2
2023-12-08,台南市,南區,3
2023-12-08,台南市,安南區,1
2023-12-08,台南市,安平區,2
2023-12-08,台南市,東區,1
2023-12-08,台南市,關廟區,1
2023-12-08,台南市,麻豆區,1
2023-12-08,嘉義縣,梅山鄉,1
2023-12-08,嘉義縣,民雄鄉,1
2023-12-08,屏東縣,屏東市,2
2023-12-08,屏東縣,恆春鎮,2
2023-12-08,屏東縣,萬丹鄉,1
2023-12-08,雲林縣,古坑鄉,2
2023-12-08,雲林縣,斗六市,2
2023-12-08,高雄市,三民區,4
2023-12-08,高雄市,前鎮區,2
2023-12-08,高雄市,大寮區,1
2023-12-08,高雄市,左營區,1
2023-12-08,高雄市,新興區,1
2023-12-08,高雄市,楠梓區,1
2023-12-08,高雄市,苓雅區,3
2023-12-08,高雄市,鳳山區,11
2023-12-08,高雄市,鹽埕區,1
2023-12-08,高雄市,鼓山區,1
2023-12-09,台南市,中西區,2
2023-12-09,台南市,佳里區,1
2023-12-09,台南市,北區,2
2023-12-09,台南市,南區,3
2023-12-09,台南市,安南區,1
2023-12-09,台南市,東區,3
2023-12-09,台南市,永康區,5
2023-12-09,台南市,麻豆區,1
2023-12-09,嘉義縣,大林鎮,1
2023-12-09,嘉義縣,梅山鄉,1
2023-12-09,屏東縣,屏東市,6
2023-12-09,雲林縣,古坑鄉,1
2023-12-09,高雄市,三民區,2
2023-12-09,高雄市,前鎮區,1
2023-12-09,高雄市,大寮區,2
2023-12-09,高雄市,岡山區,3
2023-12-09,高雄市,左營區,2
2023-12-09,高雄市,梓官區,1
2023-12-09,高雄市,楠梓區,1
2023-12-09,高雄市,苓雅區,3
2023-12-09,高雄市,鳳山區,9
2023-12-09,高雄市,鹽埕區,1
2023-12-09,高雄市,鼓山區,2
2023-12-10,台北市,北投區,1
2023-12-10,台南市,中西區,1
2023-12-10,台南市,仁德區,1
2023-12-10,台南市,佳里區,1
2023-12-10,台南市,善化區,1
2023-12-10,台南市,安南區,1
2023-12-10,台南市,東區,2
2023-12-10,台南市,永康區,1
2023-12-10,台南市,西港區,1
2023-12-10,台南市,關廟區,1
2023-12-10,台南市,麻豆區,1
2023-12-10,屏東縣,屏東市,5
2023-12-10,雲林縣,斗六市,1
2023-12-10,高雄市,三民區,6
2023-12-10,高雄市,仁武區,1
2023-12-10,高雄市,前金區,1
2023-12-10,高雄市,前鎮區,1
2023-12-10,高雄市,大寮區,1
2023-12-10,高雄市,小港區,1
2023-12-10,高雄市,左營區,2
2023-12-10,高雄市,新興區,1
2023-12-10,高雄市,楠梓區,3
2023-12-10,高雄市,苓雅區,2
2023-12-10,高雄市,鳳山區,14
2023-12-11,台中市,西區,1
2023-12-11,台南市,仁德區,1
2023-12-11,台南市,佳里區,1
2023-12-11,台南市,南區,2
2023-12-11,台南市,善化區,1
2023-12-11,台南市,安南區,1
2023-12-11,台南市,東區,1
2023-12-11,台南市,關廟區,1
2023-12-11,台南市,麻豆區,1
2023-12-11,嘉義縣,梅山鄉,1
2023-12-11,屏東縣,屏東市,3
2023-12-11,雲林縣,斗六市,1
2023-12-11,高雄市,三民區,6
2023-12-11,高雄市,前鎮區,3
2023-12-11,高雄市,大寮區,1
2023-12-11,高雄市,小港區,1
2023-12-11,高雄市,岡山區,2
2023-12-11,高雄市,新興區,2
2023-12-11,高雄市,楠梓區,1
2023-12-11,高雄市,苓雅區,3
2023-12-11,高雄市,鳳山區,12
2023-12-12,台南市,中西區,1
2023-12-12,台南市,北區,1
2023-12-12,台南市,南區,1
2023-12-12,台南市,東區,1
2023-12-12,台南市,歸仁區,1
2023-12-12,嘉義縣,大林鎮,1
2023-12-12,嘉義縣,民雄鄉,1
2023-12-12,屏東縣,屏東市,3
2023-12-12,新北市,新店區,1
2023-12-12,高雄市,三民區,4
2023-12-12,高雄市,仁武區,2
2023-12-12,高雄市,前鎮區,2
2023-12-12,高雄市,小港區,2
2023-12-12,高雄市,左營區,1
2023-12-12,高雄市,苓雅區,2
2023-12-12,高雄市,鳳山區,14
2023-12-13,台南市,中西區,1
2023-12-13,台南市,北區,2
2023-12-13,台南市,南區,1
2023-12-13,台南市,安南區,2
2023-12-13,台南市,東區,1
2023-12-13,台南市,龍崎區,1
2023-12-13,屏東縣,屏東市,2
2023-12-13,高雄市,三民區,3
2023-12-13,高雄市,前鎮區,1
2023-12-13,高雄市,大寮區,2
2023-12-13,高雄市,大樹區,1
2023-12-13,高雄市,小港區,1
2023-12-13,高雄市,左營區,1
2023-12-13,高雄市,梓官區,1
2023-12-13,高雄市,苓雅區,3
2023-12-13,高雄市,鳥松區,1
2023-12-13,高雄市,鳳山區,5
2023-12-14,台南市,中西區,2
2023-12-14,台南市,佳里區,1
2023-12-14,台南市,北區,2
2023-12-14,台南市,安南區,4
2023-12-14,台南市,永康區,3
2023-12-14,嘉義縣,梅山鄉,1
2023-12-14,嘉義縣,竹崎鄉,1
2023-12-14,屏東縣,屏東市,3
2023-12-14,高雄市,三民區,2
2023-12-14,高雄市,仁武區,1
2023-12-14,高雄市,前鎮區,1
2023-12-14,高雄市,大寮區,1
2023-12-14,高雄市,岡山區,1
2023-12-14,高雄市,左營區,1
2023-12-14,高雄市,苓雅區,5
2023-12-14,高雄市,鳳山區,4
2023-12-15,台南市,中西區,1
2023-12-15,台南市,仁德區,2
2023-12-15,台南市,北區,2
2023-12-15,台南市,南區,1
2023-12-15,台南市,安南區,2
2023-12-15,台南市,永康區,1
2023-12-15,台南市,關廟區,1
2023-12-15,嘉義市,東區,1
2023-12-15,屏東縣,屏東市,2
2023-12-15,高雄市,三民區,5
2023-12-15,高雄市,前鎮區,2
2023-12-15,高雄市,小港區,4
2023-12-15,高雄市,岡山區,1
2023-12-15,高雄市,左營區,2
2023-12-15,高雄市,新興區,1
2023-12-15,高雄市,苓雅區,2
2023-12-15,高雄市,鳳山區,7
2023-12-15,高雄市,鼓山區,1
2023-12-16,台南市,中西區,2
2023-12-16,台南市,北區,4
2023-12-16,台南市,善化區,1
2023-12-16,台南市,安南區,1
2023-12-16,台南市,永康區,1
2023-12-16,屏東縣,內埔鄉,1
2023-12-16,新北市,板橋區,1
2023-12-16,雲林縣,古坑鄉,1
2023-12-16,高雄市,三民區,9
2023-12-16,高雄市,前鎮區,2
2023-12-16,高雄市,大寮區,1
2023-12-16,高雄市,小港區,1
2023-12-16,高雄市,新興區,1
2023-12-16,高雄市,苓雅區,3
2023-12-16,高雄市,鳳山區,1
2023-12-17,南投縣,鹿谷鄉,1
2023-12-17,台南市,南區,1
2023-12-17,台南市,東區,1
2023-12-17,台南市,歸仁區,2
2023-12-17,台南市,麻豆區,1
2023-12-17,嘉義縣,梅山鄉,1
2023-12-17,屏東縣,屏東市,1
2023-12-17,雲林縣,斗南鎮,1
2023-12-17,高雄市,三民區,4
2023-12-17,高雄市,前鎮區,2
2023-12-17,高雄市,大寮區,1
2023-12-17,高雄市,小港區,1
2023-12-17,高雄市,岡山區,1
2023-12-17,高雄市,左營區,2
2023-12-17,高雄市,楠梓區,1
2023-12-17,高雄市,苓雅區,2
2023-12-17,高雄市,鳳山區,5
2023-12-18,台南市,安平區,1
2023-12-18,台南市,東區,1
2023-12-18,台南市,永康區,1
2023-12-18,嘉義縣,梅山鄉,1
2023-12-18,高雄市,三民區,5
2023-12-18,高雄市,仁武區,1
2023-12-18,高雄市,前金區,1
2023-12-18,高雄市,前鎮區,1
2023-12-18,高雄市,左營區,1
2023-12-18,高雄市,苓雅區,4
2023-12-18,高雄市,鳥松區,1
2023-12-18,高雄市,鳳山區,3
2023-12-19,台南市,中西區,2
2023-12-19,台南市,善化區,1
2023-12-19,台南市,安南區,1
2023-12-19,屏東縣,屏東市,5
2023-12-19,雲林縣,斗六市,1
2023-12-19,高雄市,三民區,1
2023-12-19,高雄市,仁武區,2
2023-12-19,高雄市,前金區,1
2023-12-19,高雄市,前鎮區,1
2023-12-19,高雄市,大寮區,1
2023-12-19,高雄市,左營區,1
2023-12-19,高雄市,苓雅區,3
2023-12-19,高雄市,鳳山區,4
2023-12-20,台南市,中西區,1
2023-12-20,台南市,佳里區,1
2023-12-20,台南市,南區,1
2023-12-20,台南市,安定區,1
2023-12-20,台南市,新營區,1
2023-12-20,台南市,東區,1
2023-12-20,台南市,永康區,3
2023-12-20,屏東縣,屏東市,1
2023-12-20,屏東縣,瑪家鄉,1
2023-12-20,雲林縣,古坑鄉,2
2023-12-20,高雄市,三民區,1
2023-12-20,高雄市,前鎮區,3
2023-12-20,高雄市,左營區,1
2023-12-20,高雄市,苓雅區,3
2023-12-20,高雄市,鳳山區,1
2023-12-21,台南市,佳里區,1
2023-12-21,台南市,北區,1
2023-12-21,台南市,安南區,1
2023-12-21,台南市,東區,1
2023-12-21,台南市,永康區,3
2023-12-21,屏東縣,屏東市,1
2023-12-21,高雄市,三民區,1
2023-12-21,高雄市,仁武區,2
2023-12-21,高雄市,前鎮區,2
2023-12-21,高雄市,大寮區,1
2023-12-21,高雄市,小港區,2
2023-12-21,高雄市,新興區,1
2023-12-21,高雄市,楠梓區,1
2023-12-21,高雄市,苓雅區,2
2023-12-21,高雄市,鳳山區,2
2023-12-22,台南市,中西區,1
2023-12-22,屏東縣,屏東市,1
2023-12-22,高雄市,前鎮區,3
2023-12-22,高雄市,左營區,1
2023-12-22,高雄市,新興區,1
2023-12-22,高雄市,苓雅區,1
2023-12-22,高雄市,鳥松區,1
2023-12-22,高雄市,鳳山區,2
2023-12-23,台南市,仁德區,1
2023-12-23,台南市,佳里區,1
2023-12-23,台南市,安平區,1
2023-12-23,台南市,永康區,2
2023-12-23,高雄市,三民區,1
2023-12-23,高雄市,仁武區,2
2023-12-23,高雄市,前鎮區,1
2023-12-23,高雄市,小港區,2
2023-12-23,高雄市,苓雅區,4
2023-12-23,高雄市,鳳山區,6
2023-12-23,高雄市,鼓山區,1
2023-12-24,台南市,中西區,1
2023-12-24,台南市,北區,1
2023-12-24,台南市,安南區,1
2023-12-24,台南市,左鎮區,1
2023-12-24,台南市,東區,1
2023-12-24,台南市,永康區,1
2023-12-24,台南市,關廟區,2
2023-12-24,屏東縣,屏東市,1
2023-12-24,新北市,深坑區,1
2023-12-24,高雄市,三民區,1
2023-12-24,高雄市,前鎮區,2
2023-12-24,高雄市,大寮區,1
2023-12-24,高雄市,小港區,2
2023-12-24,高雄市,苓雅區,1
2023-12-24,高雄市,鳥松區,1
2023-12-24,高雄市,鳳山區,4
2023-12-25,台南市,南區,1
2023-12-25,台南市,東區,1
2023-12-25,台南市,永康區,1
2023-12-25,嘉義縣,梅山鄉,1
2023-12-25,屏東縣,屏東市,5
2023-12-25,屏東縣,竹田鄉,1
2023-12-25,高雄市,前鎮區,2
2023-12-25,高雄市,楠梓區,1
2023-12-25,高雄市,苓雅區,1
2023-12-25,高雄市,鳳山區,3
2023-12-26,台南市,佳里區,1
2023-12-26,台南市,南區,1
2023-12-26,台南市,東區,1
2023-12-26,高雄市,三民區,1
2023-12-26,高雄市,前鎮區,1
2023-12-26,高雄市,新興區,1
2023-12-26,高雄市,苓雅區,4
2023-12-26,高雄市,鳳山區,3
2023-12-27,台南市,東區,1
2023-12-27,高雄市,三民區,1
2023-12-27,高雄市,大寮區,1
2023-12-27,高雄市,楠梓區,1
2023-12-27,高雄市,苓雅區,2
2023-12-27,高雄市,鳳山區,1
2023-12-28,台南市,安南區,1
2023-12-28,台南市,關廟區,1
2023-12-28,嘉義市,東區,1
2023-12-28,嘉義縣,梅山鄉,1
2023-12-28,屏東縣,屏東市,1
2023-12-28,新北市,中和區,1
2023-12-28,高雄市,三民區,1
2023-12-28,高雄市,小港區,1
2023-12-28,高雄市,鳳山區,1
2023-12-29,台南市,永康區,1
2023-12-29,屏東縣,屏東市,1
2023-12-29,高雄市,三民區,2
2023-12-29,高雄市,大寮區,1
2023-12-29,高雄市,左營區,1
2023-12-29,高雄市,苓雅區,1
2023-12-29,高雄市,鳥松區,1
2023-12-29,高雄市,鳳山區,3
2023-12-30,台南市,北區,1
2023-12-30,屏東縣,屏東市,1
2023-12-30,高雄市,大寮區,1
2023-12-30,高雄市,左營區,1
2023-12-30,高雄市,苓雅區,1
2023-12-30,高雄市,鳳山區,2
2023-12-31,台南市,安南區,1
2023-12-31,屏東縣,屏東市,1
2023-12-31,高雄市,三民區,3
2023-12-31,高雄市,前金區,1
2023-12-31,高雄市,前鎮區,1
2023-12-31,高雄市,大寮區,4
2023-12-31,高雄市,田寮區,1
2023-12-31,高雄市,苓雅區,1
2023-12-31,高雄市,鳳山區,1
